<?xml version="1.0" encoding="utf-8" ?>
<Defs>

  <!-- Resources -->
  
  <!-- Daedalus Components -->
  
  <ThingDef ParentName="ResourceBase">
    <defName>SimpleComponent</defName>
    <label>daedalus components</label>
    <description>A collection of gears and complicated mechanical components which are used to craft multiple equipments, and build wonderful low-tech contraptions.</description>
    <possessionCount>2</possessionCount>
    <graphicData>
      <texPath>Things/Resources/SimpleComponents</texPath>
      <graphicClass>Graphic_Single</graphicClass>
    </graphicData>
    <soundInteract>Metal_Drop</soundInteract>
    <soundDrop>Standard_Drop</soundDrop>
    <stackLimit>50</stackLimit>
    <healthAffectsPrice>false</healthAffectsPrice>
    <statBases>
      <MaxHitPoints>70</MaxHitPoints>
      <MarketValue>50</MarketValue>
	  <WorkToMake>2500</WorkToMake>
      <Mass>0.6</Mass>
      <Flammability>0.6</Flammability>
      <DeteriorationRate>2.0</DeteriorationRate>
    </statBases>
	<recipeMaker>
	  <workSpeedStat>GeneralLaborSpeed</workSpeedStat>
      <effectWorking>Smith</effectWorking>
      <soundWorking>Recipe_Machining</soundWorking>
      <unfinishedThingDef>UnfinishedComponent</unfinishedThingDef>
      <skillRequirements>
        <Crafting>2</Crafting>
      </skillRequirements>
      <recipeUsers Inherit="False">
        <li>HunterWorkbench</li>
      </recipeUsers>
    </recipeMaker>
    <costList>
      <Steel>7</Steel>
	  <Uranium>3</Uranium>
    </costList>
    <intricate>true</intricate>
    <thingCategories>
      <li>Manufactured</li>
    </thingCategories>
    <allowedArchonexusCount>10</allowedArchonexusCount>
  </ThingDef>
  
  <!-- Ammunitions -->
  
  <!-- Ballista Bolts -->
  
  <ThingDef ParentName="ResourceBase">
    <defName>BallistaBolts</defName>
    <label>ballista bolts</label>
    <description>A simple, yet very deadly, ammunition used in mannable ballista turrets.</description>
    <!--<possessionCount>2</possessionCount>-->
    <graphicData>
      <texPath>Things/Resources/Ammunition/Ballista</texPath>
      <graphicClass>Graphic_StackCount</graphicClass>
	  <drawSize>1.5, 1.5</drawSize>
    </graphicData>
    <soundInteract>Metal_Drop</soundInteract>
    <soundDrop>Standard_Drop</soundDrop>
    <stackLimit>250</stackLimit>
    <healthAffectsPrice>false</healthAffectsPrice>
    <statBases>
      <MaxHitPoints>70</MaxHitPoints>
      <MarketValue>15</MarketValue>
	  <WorkToMake>2500</WorkToMake>
      <Mass>0.9</Mass>
      <Flammability>0.6</Flammability>
      <DeteriorationRate>0.2</DeteriorationRate>
    </statBases>
	<recipeMaker>
	  <workSpeedStat>GeneralLaborSpeed</workSpeedStat>
      <effectWorking>Smith</effectWorking>
      <soundWorking>Recipe_Machining</soundWorking>
      <unfinishedThingDef>UnfinishedComponent</unfinishedThingDef>
	  <researchPrerequisite>BallistaTurret</researchPrerequisite>
      <skillRequirements>
        <Crafting>2</Crafting>
      </skillRequirements>
      <recipeUsers Inherit="False">
        <li>HunterWorkbench</li>
      </recipeUsers>
    </recipeMaker>
    <costList>
      <Steel>7</Steel>
	  <WoodLog>5</WoodLog>
    </costList>
    <intricate>true</intricate>
    <thingCategories>
      <li>Manufactured</li>
    </thingCategories>
	<tradeTags>
      <li>AmmunitionBasicz</li>
    </tradeTags>
    <allowedArchonexusCount>100</allowedArchonexusCount>
  </ThingDef>
  
  <!-- Gatling Ammo Box -->
  
  <ThingDef ParentName="ResourceBase">
    <defName>GatlingAmmoBox</defName>
    <label>gatling ammo box</label>
    <description>A metal box full of readily-made ammunition used in mannable gatling turrets.\n\nCaution! Very explosive!</description>
    <!--<possessionCount>2</possessionCount>-->
	<tickerType>Normal</tickerType>
    <graphicData>
      <texPath>Things/Resources/Ammunition/Gatling/GatlingAmmoBox</texPath>
      <graphicClass>Graphic_Single</graphicClass>
	  <drawSize>1.2, 1.2</drawSize>
    </graphicData>
	<comps>
      <li Class="CompProperties_Explosive">
        <explosiveRadius>2.9</explosiveRadius>
        <explosiveDamageType>Bomb</explosiveDamageType>
        <explosiveExpandPerStackcount>0.4</explosiveExpandPerStackcount>
        <startWickHitPointsPercent>0.7</startWickHitPointsPercent>
        <wickTicks>30~60</wickTicks>
      </li>
    </comps>
    <soundInteract>Metal_Drop</soundInteract>
    <soundDrop>Standard_Drop</soundDrop>
    <stackLimit>500</stackLimit>
    <healthAffectsPrice>false</healthAffectsPrice>
    <statBases>
      <MaxHitPoints>70</MaxHitPoints>
      <MarketValue>3</MarketValue>
	  <WorkToMake>2500</WorkToMake>
      <Mass>0.9</Mass>
      <Flammability>0.6</Flammability>
      <DeteriorationRate>0.2</DeteriorationRate>
    </statBases>
	<costList>
      <Chemfuel>1</Chemfuel>
	  <Steel>1</Steel>
    </costList>
	<recipeMaker>    
      <unfinishedThingDef>UnfinishedComponent</unfinishedThingDef>
	  <researchPrerequisite>GatlingTurret</researchPrerequisite>     
    </recipeMaker>
    <intricate>true</intricate>
    <thingCategories>
      <li>Manufactured</li>
    </thingCategories>
	<tradeTags>
      <li>AmmunitionBasicz</li>
    </tradeTags>
    <allowedArchonexusCount>500</allowedArchonexusCount>
  </ThingDef>
  
  <RecipeDef>
    <defName>Craft_GatlingAmmunition_Bulk</defName>
    <label>craft gatling turret ammunition</label>
    <description>Craft 50 rounds of ammunition for the mannable gatling turret.</description>
    <jobString>Crafting ammunition.</jobString>
    <effectWorking>Smith</effectWorking>
    <soundWorking>Recipe_Machining</soundWorking>
    <workAmount>2000</workAmount>
    <workSpeedStat>GeneralLaborSpeed</workSpeedStat>
	<skillRequirements>
      <Crafting>2</Crafting>
    </skillRequirements>
    <recipeUsers Inherit="False">
      <li>HunterWorkbench</li>
    </recipeUsers>
    <ingredients>
      <li>
        <filter>
          <thingDefs>
            <li>Chemfuel</li>
          </thingDefs>
        </filter>
        <count>50</count>
      </li>
	  <li>
        <filter>
          <thingDefs>
            <li>Steel</li>
          </thingDefs>
        </filter>
        <count>50</count>
      </li>
    </ingredients>
    <fixedIngredientFilter>
      <thingDefs>
        <li>Chemfuel</li>
		<li>Steel</li>
      </thingDefs>
    </fixedIngredientFilter>
    <products>
      <GatlingAmmoBox>50</GatlingAmmoBox>
    </products>
  </RecipeDef>
  
  <!-- Cannon Shell Base -->
  
    <ThingCategoryDef>
      <defName>CannonShellz</defName>
      <label>cannon shells</label>
      <parent>Manufactured</parent>
      <iconPath>Things/Buildings/DefesiveStructures_Buildable/Turrets/UI/Reload/MortarHighEx_UI</iconPath>
    </ThingCategoryDef>
  
  <ThingDef Name="CannonShellBase" ParentName="ResourceBase" Abstract="True">
    <soundInteract>Metal_Drop</soundInteract>
    <soundDrop>Standard_Drop</soundDrop>
    <tickerType>Normal</tickerType>
    <stackLimit>25</stackLimit>
    <techLevel>Industrial</techLevel>
    <statBases>
      <MaxHitPoints>100</MaxHitPoints>
      <MarketValue>500</MarketValue>
	  <WorkToMake>2500</WorkToMake>
      <Mass>1.0</Mass>
      <Flammability>0.6</Flammability>
      <DeteriorationRate>0.2</DeteriorationRate>
    </statBases>
    <thingCategories>
      <li>CannonShellz</li>
    </thingCategories>
    <tradeTags>
      <li>AmmunitionExplosivez</li>
    </tradeTags>
  </ThingDef>
  
  <!-- High-EX Cannon Shell -->

  <ThingDef ParentName="CannonShellBase">
    <defName>Shell_HighExplosiveCannon</defName>
    <label>high-explosive cannon shell</label>
    <description>An explosive shell used by the mannable cannon turret.</description>
    <possessionCount>1</possessionCount>
    <graphicData>
      <texPath>Things/Resources/Ammunition/Mortar/Frag</texPath>
      <graphicClass>Graphic_StackCount</graphicClass>
    </graphicData>
	<statBases>
      <MaxHitPoints>100</MaxHitPoints>
      <MarketValue>50</MarketValue>
	  <WorkToMake>2500</WorkToMake>
      <Mass>1.0</Mass>
      <Flammability>0.6</Flammability>
      <DeteriorationRate>0.2</DeteriorationRate>
    </statBases>
    <comps>
      <li Class="CompProperties_Explosive">
        <explosiveRadius>2.9</explosiveRadius>
        <explosiveDamageType>ExplosionEX</explosiveDamageType>
        <explosiveExpandPerStackcount>0.4</explosiveExpandPerStackcount>
        <startWickHitPointsPercent>0.7</startWickHitPointsPercent>
        <wickTicks>30~60</wickTicks>
      </li>
    </comps>
    <projectileWhenLoaded>Bullet_Shell_HighExCannon</projectileWhenLoaded>
	<recipeMaker>
	  <workSpeedStat>GeneralLaborSpeed</workSpeedStat>
      <effectWorking>Smith</effectWorking>
      <soundWorking>Recipe_Machining</soundWorking>
      <unfinishedThingDef>UnfinishedComponent</unfinishedThingDef>
	  <researchPrerequisite>CannonTurret</researchPrerequisite>
      <skillRequirements>
        <Crafting>5</Crafting>
      </skillRequirements>
      <recipeUsers Inherit="False">
        <li>HunterWorkbench</li>
      </recipeUsers>
    </recipeMaker>
    <costList>
      <Steel>25</Steel>
      <Chemfuel>25</Chemfuel>
    </costList>
    <costListForDifficulty>
      <difficultyVar>classicMortars</difficultyVar>
      <costList>
        <Steel>30</Steel>
        <Chemfuel>30</Chemfuel>
      </costList>
    </costListForDifficulty>
	<tradeTags>
      <li>AmmunitionExplosivez</li>
    </tradeTags>
  </ThingDef>
  
  <ThingDef ParentName="BaseBullet">
    <defName>Bullet_Shell_HighExCannon</defName>
    <label>high-explosive cannon shell</label>
    <graphicData>
      <texPath>Things/Misc/Projectiles/Cannon_Proj</texPath>
      <graphicClass>Graphic_Single</graphicClass>
	  <shaderType>MoteGlow</shaderType>
	  <drawSize>1.5, 1.5</drawSize>
    </graphicData>
    <thingClass>Projectile_Explosive</thingClass>
    <projectile>
      <damageDef>ExplosionEX</damageDef>
      <!-- damage amount is the damage def default -->
      <speed>41</speed>
      <explosionRadius>7.9</explosionRadius>
      <flyOverhead>true</flyOverhead>
      <soundHitThickRoof>Artillery_HitThickRoof</soundHitThickRoof>
      <soundExplode>MortarBomb_Explode</soundExplode>
      <soundImpactAnticipate>MortarRound_PreImpact</soundImpactAnticipate>
      <soundAmbient>MortarRound_Ambient</soundAmbient>
    </projectile>
  </ThingDef>
  
  <!-- Anti-Armor Cannon Shell --> 

  <ThingDef ParentName="CannonShellBase">
    <defName>Shell_AntiArmorCannon</defName>
    <label>anti-armor cannon shell</label>
    <description>A specially-grade cannon shell made by the hunters workshop. Although it deals less damage, it can inflict enemies under a 10.9 explosion radius with armor bane.</description>
    <possessionCount>1</possessionCount>
    <graphicData>
      <texPath>Things/Resources/Ammunition/Mortar/Anti-Armor</texPath>
      <graphicClass>Graphic_StackCount</graphicClass>
    </graphicData>	
	<thingSetMakerTags>
      <li>RewardStandardCore</li>
    </thingSetMakerTags>
	<costList>
      <Steel>75</Steel>
      <Chemfuel>150</Chemfuel>
    </costList>
    <comps>
      <li Class="CompProperties_Explosive">
        <explosiveRadius>2.9</explosiveRadius>
        <explosiveDamageType>AntiArmor</explosiveDamageType>
        <explosiveExpandPerStackcount>0.4</explosiveExpandPerStackcount>
        <startWickHitPointsPercent>0.7</startWickHitPointsPercent>
        <wickTicks>30~60</wickTicks>
      </li>
    </comps>
    <projectileWhenLoaded>Bullet_Shell_AntiArmor</projectileWhenLoaded>
  </ThingDef>
  
  <ThingDef ParentName="BaseBullet">
    <defName>Bullet_Shell_AntiArmor</defName>
    <label>anti-armor cannon shell</label>
    <graphicData>
      <texPath>Things/Misc/Projectiles/Cannon_Proj_AntiArmor</texPath>
      <graphicClass>Graphic_Single</graphicClass>
	  <shaderType>MoteGlow</shaderType>
	  <drawSize>1.5, 1.5</drawSize>
    </graphicData>
    <thingClass>Projectile_Explosive</thingClass>
    <projectile>
      <damageDef>AntiArmor</damageDef>
      <!-- damage amount is the damage def default -->
      <speed>41</speed>
      <explosionRadius>10.9</explosionRadius>
      <flyOverhead>true</flyOverhead>
      <soundHitThickRoof>Artillery_HitThickRoof</soundHitThickRoof>
      <soundExplode>MortarBomb_Explode</soundExplode>
      <soundImpactAnticipate>MortarRound_PreImpact</soundImpactAnticipate>
      <soundAmbient>MortarRound_Ambient</soundAmbient>
    </projectile>
  </ThingDef>
  
  <!-- Potion Ingredients -->
  
  <ThingDef ParentName="ResourceBase">
    <defName>VisceralSolution</defName>
    <label>visceral solution</label>
    <description>A syrup-like substance made from brain matter. Exclusively manufactured from the hunter's workshop as a main ingredient for their combat potions.</description>
    <!--<possessionCount>10</possessionCount>-->
    <graphicData>
      <texPath>Things/Resources/Visceral</texPath>
      <graphicClass>Graphic_StackCount</graphicClass>
      <drawSize>0.90</drawSize>
    </graphicData>
    <stackLimit>750</stackLimit>
    <healthAffectsPrice>false</healthAffectsPrice>
    <statBases>
      <MaxHitPoints>50</MaxHitPoints>
      <MarketValue>50</MarketValue>
      <Mass>0.02</Mass>
      <Flammability>0.7</Flammability>
      <DeteriorationRate>1.0</DeteriorationRate>
    </statBases>
	<tradeTags>
      <li>Visceral</li>
    </tradeTags>
    <thingCategories>
      <li>Manufactured</li>
    </thingCategories>
	<thingSetMakerTags><li>RewardStandardCore</li></thingSetMakerTags>
  </ThingDef>
  
  <!-- Shadow Walker Scrolls -->
  
  <!-- Dark Spear Scroll -->
  
  <ThingDef ParentName="ResourceBase">
      <defName>ScrollShadowWalker_DarkSpear</defName>
      <label>scroll of shadows "Dark Spear"</label>
      <description>An advanced archotech device that can teach any pawn with a dark constitution gene the dark spear ability.</description>
      <graphicData>
        <texPath>Things/Resources/Scroll</texPath>
        <graphicClass>Graphic_Single</graphicClass>
      </graphicData>
      <tradeability>Sellable</tradeability>
      <techLevel>Ultra</techLevel>
	  <soundInteract>Metal_Drop</soundInteract>
      <soundDrop>Standard_Drop</soundDrop>
      <stackLimit>1</stackLimit>
      <healthAffectsPrice>false</healthAffectsPrice>
      <statBases>
        <MaxHitPoints>100</MaxHitPoints>
        <MarketValue>9500</MarketValue>
        <Mass>0.95</Mass>
        <Flammability>0.2</Flammability>
      </statBases>
      <burnableByRecipe>false</burnableByRecipe>
      <minRewardCount>1</minRewardCount>
      <thingCategories>
        <li>Artifacts</li>
      </thingCategories>
      <thingSetMakerTags>
        <li>RewardStandardCore</li>
		<li>RewardStandardHighFreq</li>
      </thingSetMakerTags>	  
	  <comps>
      <li Class="CompProperties_Usable">
        <compClass>CompUsableImplant</compClass>
        <useJob>UseItem</useJob>
        <useLabel>Use {0_label}</useLabel>
		<userMustHaveHediff>DarkConstitution</userMustHaveHediff>
      </li>
      <li Class="CompProperties_UseEffectInstallImplant">
        <hediffDef>Skill_DarkSpear</hediffDef>
        <bodyPart>Brain</bodyPart>
        <canUpgrade>true</canUpgrade>
      </li>
	  <li Class="CompProperties_UseEffectDestroySelf" />
      <li Class="CompProperties_Forbiddable"/>
    </comps>
	<tradeTags>
      <li>ExoticMisc</li>
	  <li>Artifact</li>
    </tradeTags>
  </ThingDef>
  
  <HediffDef>
    <defName>Skill_DarkSpear</defName>
    <hediffClass>Hediff_Level</hediffClass>
    <descriptionHyperlinks><ThingDef>ScrollShadowWalker_DarkSpear</ThingDef></descriptionHyperlinks>
    <label>Extra skill : Dark Spear</label>
    <description>A unique condition after using a scroll of shadows, allowing the user to learn the dark spear skill, and slightly decrease their ranged weapon cooldown and aiming delay.</description>
    <descriptionShort>After using a scroll of shadows, they can learn the skill "Dark Spear", along with receiving increased stats. This can be installed up to 3 times.</descriptionShort>
    <defaultLabelColor>(0.3,0.2,0.6)</defaultLabelColor>
    <isBad>false</isBad>
    <priceImpact>true</priceImpact>
    <initialSeverity>1</initialSeverity>
    <minSeverity>0</minSeverity>
    <maxSeverity>3</maxSeverity>
    <keepOnBodyPartRestoration>True</keepOnBodyPartRestoration>
    <levelIsQuantity>true</levelIsQuantity>
    <comps>
      <li Class="HediffCompProperties_GiveAbility">
        <abilityDefs>
          <li>DarkSpear</li>
        </abilityDefs>
      </li>
	  <li Class="HediffCompProperties_DisappearsOnDeath"/>
    </comps>
    <stages>
      <li>
        <minSeverity>1</minSeverity>
        <statOffsets>
          <RangedCooldownFactor>-0.02</RangedCooldownFactor>
	      <AimingDelayFactor>-0.02</AimingDelayFactor>
        </statOffsets>
      </li>
      <li>
        <minSeverity>2</minSeverity>
        <statOffsets>
           <RangedCooldownFactor>-0.05</RangedCooldownFactor>
	      <AimingDelayFactor>-0.05</AimingDelayFactor>
        </statOffsets>
      </li>
      <li>
        <minSeverity>3</minSeverity>
        <statOffsets>
          <RangedCooldownFactor>-0.07</RangedCooldownFactor>
	      <AimingDelayFactor>-0.07</AimingDelayFactor>
        </statOffsets>
      </li>
    </stages>
  </HediffDef>
  
  <!-- Dark Shuriken Scroll -->
  
  <ThingDef ParentName="ResourceBase">
      <defName>ScrollShadowWalker_DarkShuriken</defName>
      <label>scroll of shadows "Dark Shuriken"</label>
      <description>An advanced archotech device that can teach any pawn with a dark constitution gene the dark shuriken ability.</description>
      <graphicData>
        <texPath>Things/Resources/Scroll</texPath>
        <graphicClass>Graphic_Single</graphicClass>
      </graphicData>
      <tradeability>Sellable</tradeability>
      <techLevel>Ultra</techLevel>
	  <soundInteract>Metal_Drop</soundInteract>
      <soundDrop>Standard_Drop</soundDrop>
      <stackLimit>1</stackLimit>
      <healthAffectsPrice>false</healthAffectsPrice>
      <statBases>
        <MaxHitPoints>100</MaxHitPoints>
        <MarketValue>9500</MarketValue>
        <Mass>0.95</Mass>
        <Flammability>0.2</Flammability>
      </statBases>
      <burnableByRecipe>false</burnableByRecipe>
      <minRewardCount>1</minRewardCount>
      <thingCategories>
        <li>Artifacts</li>
      </thingCategories>
      <thingSetMakerTags>
        <li>RewardStandardCore</li>
		<li>RewardStandardHighFreq</li>
      </thingSetMakerTags>	  
	  <comps>
      <li Class="CompProperties_Usable">
        <compClass>CompUsableImplant</compClass>
        <useJob>UseItem</useJob>
        <useLabel>Use {0_label}</useLabel>
		<userMustHaveHediff>DarkConstitution</userMustHaveHediff>
      </li>
      <li Class="CompProperties_UseEffectInstallImplant">
        <hediffDef>Skill_DarkShuriken</hediffDef>
        <bodyPart>Brain</bodyPart>
        <canUpgrade>true</canUpgrade>
      </li>
	  <li Class="CompProperties_UseEffectDestroySelf" />
      <li Class="CompProperties_Forbiddable"/>
    </comps>
	<tradeTags>
      <li>ExoticMisc</li>
	  <li>Artifact</li>
    </tradeTags>
  </ThingDef>
  
  <HediffDef>
    <defName>Skill_DarkShuriken</defName>
    <hediffClass>Hediff_Level</hediffClass>
    <descriptionHyperlinks><ThingDef>ScrollShadowWalker_DarkShuriken</ThingDef></descriptionHyperlinks>
    <label>Extra skill : Dark Shuriken</label>
    <description>A unique condition after using a scroll of shadows, allowing the user to learn the dark shuriken skill, and slightly increase their shooting accuracy.</description>
    <descriptionShort>After using a scroll of shadows, they can learn the skill "Dark Shuriken", along with receiving increased stats. This can be installed up to 3 times.</descriptionShort>
    <defaultLabelColor>(0.3,0.2,0.6)</defaultLabelColor>
    <isBad>false</isBad>
    <priceImpact>true</priceImpact>
    <initialSeverity>1</initialSeverity>
    <minSeverity>0</minSeverity>
    <maxSeverity>3</maxSeverity>
    <keepOnBodyPartRestoration>True</keepOnBodyPartRestoration>
    <levelIsQuantity>true</levelIsQuantity>
    <comps>
      <li Class="HediffCompProperties_GiveAbility">
        <abilityDefs>
          <li>DarkShuriken</li>
        </abilityDefs>
      </li>
	  <li Class="HediffCompProperties_DisappearsOnDeath"/>
    </comps>
    <stages>
      <li>
        <minSeverity>1</minSeverity>
        <statOffsets>
          <ShootingAccuracyPawn>0.05</ShootingAccuracyPawn>
        </statOffsets>
      </li>
      <li>
        <minSeverity>2</minSeverity>
        <statOffsets>
           <ShootingAccuracyPawn>0.07</ShootingAccuracyPawn>
        </statOffsets>
      </li>
      <li>
        <minSeverity>3</minSeverity>
        <statOffsets>
          <ShootingAccuracyPawn>0.10</ShootingAccuracyPawn>
        </statOffsets>
      </li>
    </stages>
  </HediffDef>
  
  <!-- Corrupt Chi Scroll -->
  
  <ThingDef ParentName="ResourceBase">
      <defName>ScrollShadowWalker_CorruptChi</defName>
      <label>scroll of shadows "Corrupt Chi"</label>
      <description>An advanced archotech device that can teach any pawn with a dark constitution gene the corrupt chi ability.</description>
      <graphicData>
        <texPath>Things/Resources/Scroll</texPath>
        <graphicClass>Graphic_Single</graphicClass>
      </graphicData>
      <tradeability>Sellable</tradeability>
      <techLevel>Ultra</techLevel>
	  <soundInteract>Metal_Drop</soundInteract>
      <soundDrop>Standard_Drop</soundDrop>
      <stackLimit>1</stackLimit>
      <healthAffectsPrice>false</healthAffectsPrice>
      <statBases>
        <MaxHitPoints>100</MaxHitPoints>
        <MarketValue>9500</MarketValue>
        <Mass>0.95</Mass>
        <Flammability>0.2</Flammability>
      </statBases>
      <burnableByRecipe>false</burnableByRecipe>
      <minRewardCount>1</minRewardCount>
      <thingCategories>
        <li>Artifacts</li>
      </thingCategories>
      <thingSetMakerTags>
        <li>RewardStandardCore</li>
		<li>RewardStandardHighFreq</li>
      </thingSetMakerTags>	  
	  <comps>
      <li Class="CompProperties_Usable">
        <compClass>CompUsableImplant</compClass>
        <useJob>UseItem</useJob>
        <useLabel>Use {0_label}</useLabel>
		<userMustHaveHediff>DarkConstitution</userMustHaveHediff>
      </li>
      <li Class="CompProperties_UseEffectInstallImplant">
        <hediffDef>Skill_CorruptChi</hediffDef>
        <bodyPart>Brain</bodyPart>
        <canUpgrade>true</canUpgrade>
      </li>
	  <li Class="CompProperties_UseEffectDestroySelf" />
      <li Class="CompProperties_Forbiddable"/>
    </comps>
	<tradeTags>
      <li>ExoticMisc</li>
	  <li>Artifact</li>
    </tradeTags>
  </ThingDef>
  
  <HediffDef>
    <defName>Skill_CorruptChi</defName>
    <hediffClass>Hediff_Level</hediffClass>
    <descriptionHyperlinks><ThingDef>ScrollShadowWalker_CorruptChi</ThingDef></descriptionHyperlinks>
    <label>Extra skill : Corrupt Chi</label>
    <description>A unique condition after using a scroll of shadows, allowing the user to learn the corrupt chi skill, and grants a slight bonus to consciousness.</description>
    <descriptionShort>After using a scroll of shadows, they can learn the skill "Corrupt Chi", along with receiving slight consciousness bonus. This can be installed up to 3 times.</descriptionShort>
    <defaultLabelColor>(0.3,0.2,0.6)</defaultLabelColor>
    <isBad>false</isBad>
    <priceImpact>true</priceImpact>
    <initialSeverity>1</initialSeverity>
    <minSeverity>0</minSeverity>
    <maxSeverity>3</maxSeverity>
    <keepOnBodyPartRestoration>True</keepOnBodyPartRestoration>
    <levelIsQuantity>true</levelIsQuantity>
    <comps>
      <li Class="HediffCompProperties_GiveAbility">
        <abilityDefs>
          <li>CorruptChi</li>
        </abilityDefs>
      </li>
	  <li Class="HediffCompProperties_DisappearsOnDeath"/>
    </comps>
    <stages>
      <li>
        <minSeverity>1</minSeverity>
        <capMods>
          <li>
            <capacity>Consciousness</capacity>
            <offset>0.05</offset>
          </li>
        </capMods>
      </li>
      <li>
        <minSeverity>2</minSeverity>
        <capMods>
          <li>
            <capacity>Consciousness</capacity>
            <offset>0.07</offset>
          </li>
        </capMods>
      </li>
      <li>
        <minSeverity>3</minSeverity>
        <capMods>
          <li>
            <capacity>Consciousness</capacity>
            <offset>0.10</offset>
          </li>
        </capMods>
      </li>
    </stages>
  </HediffDef>
  
  <!-- Crow's leap Scroll -->
  
  <ThingDef ParentName="ResourceBase">
      <defName>ScrollShadowWalker_CrowsLeap</defName>
      <label>scroll of shadows "Crow's Leap"</label>
      <description>An advanced archotech device that can teach any pawn with a dark constitution gene the crow's leap ability.</description>
      <graphicData>
        <texPath>Things/Resources/Scroll</texPath>
        <graphicClass>Graphic_Single</graphicClass>
      </graphicData>
      <tradeability>Sellable</tradeability>
      <techLevel>Ultra</techLevel>
	  <soundInteract>Metal_Drop</soundInteract>
      <soundDrop>Standard_Drop</soundDrop>
      <stackLimit>1</stackLimit>
      <healthAffectsPrice>false</healthAffectsPrice>
      <statBases>
        <MaxHitPoints>100</MaxHitPoints>
        <MarketValue>9500</MarketValue>
        <Mass>0.95</Mass>
        <Flammability>0.2</Flammability>
      </statBases>
      <burnableByRecipe>false</burnableByRecipe>
      <minRewardCount>1</minRewardCount>
      <thingCategories>
        <li>Artifacts</li>
      </thingCategories>
      <thingSetMakerTags>
        <li>RewardStandardCore</li>
		<li>RewardStandardHighFreq</li>
      </thingSetMakerTags>	  
	  <comps>
      <li Class="CompProperties_Usable">
        <compClass>CompUsableImplant</compClass>
        <useJob>UseItem</useJob>
        <useLabel>Use {0_label}</useLabel>
		<userMustHaveHediff>DarkConstitution</userMustHaveHediff>
      </li>
      <li Class="CompProperties_UseEffectInstallImplant">
        <hediffDef>Skill_CrowsLeap</hediffDef>
        <bodyPart>Brain</bodyPart>
        <canUpgrade>true</canUpgrade>
      </li>
	  <li Class="CompProperties_UseEffectDestroySelf" />
      <li Class="CompProperties_Forbiddable"/>
    </comps>
	<tradeTags>
      <li>ExoticMisc</li>
	  <li>Artifact</li>
    </tradeTags>
  </ThingDef>
  
  <HediffDef>
    <defName>Skill_CrowsLeap</defName>
    <hediffClass>Hediff_Level</hediffClass>
    <descriptionHyperlinks><ThingDef>ScrollShadowWalker_CrowsLeap</ThingDef></descriptionHyperlinks>
    <label>Extra skill : Crow's Leap</label>
    <description>A unique condition after using a scroll of shadows, allowing the user to learn the crow's leap skill, and grants a slight bonus to manipulation.</description>
    <descriptionShort>After using a scroll of shadows, they can learn the skill "Crow's Leap", along with receiving slight manipulation bonus. This can be installed up to 3 times.</descriptionShort>
    <defaultLabelColor>(0.3,0.2,0.6)</defaultLabelColor>
    <isBad>false</isBad>
    <priceImpact>true</priceImpact>
    <initialSeverity>1</initialSeverity>
    <minSeverity>0</minSeverity>
    <maxSeverity>3</maxSeverity>
    <keepOnBodyPartRestoration>True</keepOnBodyPartRestoration>
    <levelIsQuantity>true</levelIsQuantity>
    <comps>
      <li Class="HediffCompProperties_GiveAbility">
        <abilityDefs>
          <li>CrowsLeap</li>
        </abilityDefs>
      </li>
	  <li Class="HediffCompProperties_DisappearsOnDeath"/>
    </comps>
    <stages>
      <li>
        <minSeverity>1</minSeverity>
        <capMods>
          <li>
            <capacity>Manipulation</capacity>
            <offset>0.05</offset>
          </li>
        </capMods>
      </li>
      <li>
        <minSeverity>2</minSeverity>
        <capMods>
          <li>
            <capacity>Manipulation</capacity>
            <offset>0.07</offset>
          </li>
        </capMods>
      </li>
      <li>
        <minSeverity>3</minSeverity>
        <capMods>
          <li>
            <capacity>Manipulation</capacity>
            <offset>0.10</offset>
          </li>
        </capMods>
      </li>
    </stages>
  </HediffDef>
  
  <!-- Phantom Of Death Scroll -->
  
  <ThingDef ParentName="ResourceBase">
      <defName>ScrollShadowWalker_PhantomOfDeath</defName>
      <label>scroll of shadows "Phantom Of Death"</label>
      <description>An advanced archotech device that can teach any pawn with a dark constitution gene the phantom of death ability.</description>
      <graphicData>
        <texPath>Things/Resources/Scroll</texPath>
        <graphicClass>Graphic_Single</graphicClass>
      </graphicData>
      <tradeability>Sellable</tradeability>
      <techLevel>Ultra</techLevel>
	  <soundInteract>Metal_Drop</soundInteract>
      <soundDrop>Standard_Drop</soundDrop>
      <stackLimit>1</stackLimit>
      <healthAffectsPrice>false</healthAffectsPrice>
      <statBases>
        <MaxHitPoints>100</MaxHitPoints>
        <MarketValue>15500</MarketValue>
        <Mass>0.95</Mass>
        <Flammability>0.2</Flammability>
      </statBases>
      <burnableByRecipe>false</burnableByRecipe>
      <minRewardCount>1</minRewardCount>
      <thingCategories>
        <li>Artifacts</li>
      </thingCategories>
      <thingSetMakerTags>
        <li>RewardStandardCore</li>
		<li>RewardStandardHighFreq</li>
      </thingSetMakerTags>	  
	  <comps>
      <li Class="CompProperties_Usable">
        <compClass>CompUsableImplant</compClass>
        <useJob>UseItem</useJob>
        <useLabel>Use {0_label}</useLabel>
		<userMustHaveHediff>DarkConstitution</userMustHaveHediff>
      </li>
      <li Class="CompProperties_UseEffectInstallImplant">
        <hediffDef>Skill_PhantomOfDeath</hediffDef>
        <bodyPart>Brain</bodyPart>
        <canUpgrade>true</canUpgrade>
      </li>
	  <li Class="CompProperties_UseEffectDestroySelf" />
      <li Class="CompProperties_Forbiddable"/>
    </comps>
	<tradeTags>
      <li>ExoticMisc</li>
	  <li>Artifact</li>
    </tradeTags>
  </ThingDef>
  
  <HediffDef>
    <defName>Skill_PhantomOfDeath</defName>
    <hediffClass>Hediff_Level</hediffClass>
    <descriptionHyperlinks><ThingDef>ScrollShadowWalker_PhantomOfDeath</ThingDef></descriptionHyperlinks>
    <label>Extra skill : Phantom Of Death</label>
    <description>A unique condition after using a scroll of shadows, allowing the user to learn the phantom of death skill, and grants a slight bonus to consciousness.</description>
    <descriptionShort>After using a scroll of shadows, they can learn the skill "Phantom Of Death", along with receiving slight consciousness bonus. This can be installed up to 3 times.</descriptionShort>
    <defaultLabelColor>(0.3,0.2,0.6)</defaultLabelColor>
    <isBad>false</isBad>
    <priceImpact>true</priceImpact>
    <initialSeverity>1</initialSeverity>
    <minSeverity>0</minSeverity>
    <maxSeverity>3</maxSeverity>
    <keepOnBodyPartRestoration>True</keepOnBodyPartRestoration>
    <levelIsQuantity>true</levelIsQuantity>
    <comps>
      <li Class="HediffCompProperties_GiveAbility">
        <abilityDefs>
          <li>PhantomOfDeath</li>
        </abilityDefs>
      </li>
	  <li Class="HediffCompProperties_DisappearsOnDeath"/>
    </comps>
    <stages>
      <li>
        <minSeverity>1</minSeverity>
        <capMods>
          <li>
            <capacity>Consciousness</capacity>
            <offset>0.05</offset>
          </li>
        </capMods>
      </li>
      <li>
        <minSeverity>2</minSeverity>
        <capMods>
          <li>
            <capacity>Consciousness</capacity>
            <offset>0.07</offset>
          </li>
        </capMods>
      </li>
      <li>
        <minSeverity>3</minSeverity>
        <capMods>
          <li>
            <capacity>Consciousness</capacity>
            <offset>0.10</offset>
          </li>
        </capMods>
      </li>
    </stages>
  </HediffDef>
  
  <!-- Summon Decoy Scroll -->
  
  <ThingDef ParentName="ResourceBase">
      <defName>ScrollShadowWalker_SummonDecoy</defName>
      <label>scroll of shadows "Summon Decoy"</label>
      <description>An advanced archotech device that can teach any pawn with a dark constitution gene the summon decoy ability.</description>
      <graphicData>
        <texPath>Things/Resources/Scroll</texPath>
        <graphicClass>Graphic_Single</graphicClass>
      </graphicData>
      <tradeability>Sellable</tradeability>
      <techLevel>Ultra</techLevel>
	  <soundInteract>Metal_Drop</soundInteract>
      <soundDrop>Standard_Drop</soundDrop>
      <stackLimit>1</stackLimit>
      <healthAffectsPrice>false</healthAffectsPrice>
      <statBases>
        <MaxHitPoints>100</MaxHitPoints>
        <MarketValue>9500</MarketValue>
        <Mass>0.95</Mass>
        <Flammability>0.2</Flammability>
      </statBases>
      <burnableByRecipe>false</burnableByRecipe>
      <minRewardCount>1</minRewardCount>
      <thingCategories>
        <li>Artifacts</li>
      </thingCategories>
      <thingSetMakerTags>
        <li>RewardStandardCore</li>
		<li>RewardStandardHighFreq</li>
      </thingSetMakerTags>	  
	  <comps>
      <li Class="CompProperties_Usable">
        <compClass>CompUsableImplant</compClass>
        <useJob>UseItem</useJob>
        <useLabel>Use {0_label}</useLabel>
		<userMustHaveHediff>DarkConstitution</userMustHaveHediff>
      </li>
      <li Class="CompProperties_UseEffectInstallImplant">
        <hediffDef>Skill_SummonDecoy</hediffDef>
        <bodyPart>Brain</bodyPart>
        <canUpgrade>true</canUpgrade>
      </li>
	  <li Class="CompProperties_UseEffectDestroySelf" />
      <li Class="CompProperties_Forbiddable"/>
    </comps>
	<tradeTags>
      <li>ExoticMisc</li>
	  <li>Artifact</li>
    </tradeTags>
  </ThingDef>
  
  <HediffDef>
    <defName>Skill_SummonDecoy</defName>
    <hediffClass>Hediff_Level</hediffClass>
    <descriptionHyperlinks><ThingDef>ScrollShadowWalker_SummonDecoy</ThingDef></descriptionHyperlinks>
    <label>Extra skill : Summon Decoy</label>
    <description>A unique condition after using a scroll of shadows, allowing the user to learn the summon decoy skill, and grants a slight bonus to movement speed.</description>
    <descriptionShort>After using a scroll of shadows, they can learn the skill "Summon Decoy", along with receiving slight moving bonus. This can be installed up to 3 times.</descriptionShort>
    <defaultLabelColor>(0.3,0.2,0.6)</defaultLabelColor>
    <isBad>false</isBad>
    <priceImpact>true</priceImpact>
    <initialSeverity>1</initialSeverity>
    <minSeverity>0</minSeverity>
    <maxSeverity>3</maxSeverity>
    <keepOnBodyPartRestoration>True</keepOnBodyPartRestoration>
    <levelIsQuantity>true</levelIsQuantity>
    <comps>
      <li Class="HediffCompProperties_GiveAbility">
        <abilityDefs>
          <li>SummonDecoy</li>
        </abilityDefs>
      </li>
	  <li Class="HediffCompProperties_DisappearsOnDeath"/>
    </comps>
    <stages>
      <li>
        <minSeverity>1</minSeverity>
        <capMods>
          <li>
            <capacity>Moving</capacity>
            <offset>0.05</offset>
          </li>
        </capMods>
      </li>
      <li>
        <minSeverity>2</minSeverity>
        <capMods>
          <li>
            <capacity>Moving</capacity>
            <offset>0.07</offset>
          </li>
        </capMods>
      </li>
      <li>
        <minSeverity>3</minSeverity>
        <capMods>
          <li>
            <capacity>Moving</capacity>
            <offset>0.10</offset>
          </li>
        </capMods>
      </li>
    </stages>
  </HediffDef>
  
  <!-- Dark Knife Scroll -->
  
  <ThingDef ParentName="ResourceBase">
      <defName>ScrollShadowWalker_DarkKnife</defName>
      <label>scroll of shadows "Dark Knife"</label>
      <description>An advanced archotech device that can teach any pawn with a dark constitution gene the dark knife ability.</description>
      <graphicData>
        <texPath>Things/Resources/Scroll</texPath>
        <graphicClass>Graphic_Single</graphicClass>
      </graphicData>
      <tradeability>Sellable</tradeability>
      <techLevel>Ultra</techLevel>
	  <soundInteract>Metal_Drop</soundInteract>
      <soundDrop>Standard_Drop</soundDrop>
      <stackLimit>1</stackLimit>
      <healthAffectsPrice>false</healthAffectsPrice>
      <statBases>
        <MaxHitPoints>100</MaxHitPoints>
        <MarketValue>9500</MarketValue>
        <Mass>0.95</Mass>
        <Flammability>0.2</Flammability>
      </statBases>
      <burnableByRecipe>false</burnableByRecipe>
      <minRewardCount>1</minRewardCount>
      <thingCategories>
        <li>Artifacts</li>
      </thingCategories>
      <thingSetMakerTags>
        <li>RewardStandardCore</li>
		<li>RewardStandardHighFreq</li>
      </thingSetMakerTags>	  
	  <comps>
      <li Class="CompProperties_Usable">
        <compClass>CompUsableImplant</compClass>
        <useJob>UseItem</useJob>
        <useLabel>Use {0_label}</useLabel>
		<userMustHaveHediff>DarkConstitution</userMustHaveHediff>
      </li>
      <li Class="CompProperties_UseEffectInstallImplant">
        <hediffDef>Skill_DarkKnife</hediffDef>
        <bodyPart>Brain</bodyPart>
        <canUpgrade>true</canUpgrade>
      </li>
	  <li Class="CompProperties_UseEffectDestroySelf" />
      <li Class="CompProperties_Forbiddable"/>
    </comps>
	<tradeTags>
      <li>ExoticMisc</li>
	  <li>Artifact</li>
    </tradeTags>
  </ThingDef>
  
  <HediffDef>
    <defName>Skill_DarkKnife</defName>
    <hediffClass>Hediff_Level</hediffClass>
    <descriptionHyperlinks><ThingDef>ScrollShadowWalker_DarkKnife</ThingDef></descriptionHyperlinks>
    <label>Extra skill : Dark Knife</label>
    <description>A unique condition after using a scroll of shadows, allowing the user to learn the dark knife skill, and grants a slight bonus to sight.</description>
    <descriptionShort>After using a scroll of shadows, they can learn the skill "Dark Knife", along with receiving slight sight bonus. This can be installed up to 3 times.</descriptionShort>
    <defaultLabelColor>(0.3,0.2,0.6)</defaultLabelColor>
    <isBad>false</isBad>
    <priceImpact>true</priceImpact>
    <initialSeverity>1</initialSeverity>
    <minSeverity>0</minSeverity>
    <maxSeverity>3</maxSeverity>
    <keepOnBodyPartRestoration>True</keepOnBodyPartRestoration>
    <levelIsQuantity>true</levelIsQuantity>
    <comps>
      <li Class="HediffCompProperties_GiveAbility">
        <abilityDefs>
          <li>DarkKnife</li>
        </abilityDefs>
      </li>
	  <li Class="HediffCompProperties_DisappearsOnDeath"/>
    </comps>
    <stages>
      <li>
        <minSeverity>1</minSeverity>
        <capMods>
          <li>
            <capacity>Sight</capacity>
            <offset>0.05</offset>
          </li>
        </capMods>
      </li>
      <li>
        <minSeverity>2</minSeverity>
        <capMods>
          <li>
            <capacity>Sight</capacity>
            <offset>0.07</offset>
          </li>
        </capMods>
      </li>
      <li>
        <minSeverity>3</minSeverity>
        <capMods>
          <li>
            <capacity>Sight</capacity>
            <offset>0.10</offset>
          </li>
        </capMods>
      </li>
    </stages>
  </HediffDef>
  
  <!-- Dark Mine Scroll -->
  
  <ThingDef ParentName="ResourceBase">
      <defName>ScrollShadowWalker_DarkMine</defName>
      <label>scroll of shadows "Dark Mine"</label>
      <description>An advanced archotech device that can teach any pawn with a dark constitution gene the dark mine ability.</description>
      <graphicData>
        <texPath>Things/Resources/Scroll</texPath>
        <graphicClass>Graphic_Single</graphicClass>
      </graphicData>
      <tradeability>Sellable</tradeability>
      <techLevel>Ultra</techLevel>
	  <soundInteract>Metal_Drop</soundInteract>
      <soundDrop>Standard_Drop</soundDrop>
      <stackLimit>1</stackLimit>
      <healthAffectsPrice>false</healthAffectsPrice>
      <statBases>
        <MaxHitPoints>100</MaxHitPoints>
        <MarketValue>9500</MarketValue>
        <Mass>0.95</Mass>
        <Flammability>0.2</Flammability>
      </statBases>
      <burnableByRecipe>false</burnableByRecipe>
      <minRewardCount>1</minRewardCount>
      <thingCategories>
        <li>Artifacts</li>
      </thingCategories>
      <thingSetMakerTags>
        <li>RewardStandardCore</li>
		<li>RewardStandardHighFreq</li>
      </thingSetMakerTags>	  
	  <comps>
      <li Class="CompProperties_Usable">
        <compClass>CompUsableImplant</compClass>
        <useJob>UseItem</useJob>
        <useLabel>Use {0_label}</useLabel>
		<userMustHaveHediff>DarkConstitution</userMustHaveHediff>
      </li>
      <li Class="CompProperties_UseEffectInstallImplant">
        <hediffDef>Skill_DarkMine</hediffDef>
        <bodyPart>Brain</bodyPart>
        <canUpgrade>true</canUpgrade>
      </li>
	  <li Class="CompProperties_UseEffectDestroySelf" />
      <li Class="CompProperties_Forbiddable"/>
    </comps>
	<tradeTags>
      <li>ExoticMisc</li>
	  <li>Artifact</li>
    </tradeTags>
  </ThingDef>
  
  <HediffDef>
    <defName>Skill_DarkMine</defName>
    <hediffClass>Hediff_Level</hediffClass>
    <descriptionHyperlinks><ThingDef>ScrollShadowWalker_DarkMine</ThingDef></descriptionHyperlinks>
    <label>Extra skill : Dark Mine</label>
    <description>A unique condition after using a scroll of shadows, allowing the user to learn the dark mine skill, and grants a slight bonus to consciousness.</description>
    <descriptionShort>After using a scroll of shadows, they can learn the skill "Dark Mine", along with receiving slight consciousness bonus. This can be installed up to 3 times.</descriptionShort>
    <defaultLabelColor>(0.3,0.2,0.6)</defaultLabelColor>
    <isBad>false</isBad>
    <priceImpact>true</priceImpact>
    <initialSeverity>1</initialSeverity>
    <minSeverity>0</minSeverity>
    <maxSeverity>3</maxSeverity>
    <keepOnBodyPartRestoration>True</keepOnBodyPartRestoration>
    <levelIsQuantity>true</levelIsQuantity>
    <comps>
      <li Class="HediffCompProperties_GiveAbility">
        <abilityDefs>
          <li>SummonDarkMine</li>
        </abilityDefs>
      </li>
	  <li Class="HediffCompProperties_DisappearsOnDeath"/>
    </comps>
    <stages>
      <li>
        <minSeverity>1</minSeverity>
        <capMods>
          <li>
            <capacity>Consciousness</capacity>
            <offset>0.02</offset>
          </li>
        </capMods>
      </li>
      <li>
        <minSeverity>2</minSeverity>
        <capMods>
          <li>
            <capacity>Consciousness</capacity>
            <offset>0.05</offset>
          </li>
        </capMods>
      </li>
      <li>
        <minSeverity>3</minSeverity>
        <capMods>
          <li>
            <capacity>Consciousness</capacity>
            <offset>0.07</offset>
          </li>
        </capMods>
      </li>
    </stages>
  </HediffDef>
  
  <!-- Summon Ballista Scroll -->
  
  <ThingDef ParentName="ResourceBase">
      <defName>Dwarven_SummonBallista</defName>
      <label>scroll of dwarves "Summon Ballista"</label>
      <description>An advanced dwarven device that can teach any pawn with a dark constitution gene the summon ballista ability.</description>
      <graphicData>
        <texPath>Things/Resources/Scroll_Dwarven</texPath>
        <graphicClass>Graphic_Single</graphicClass>
      </graphicData>
      <tradeability>Sellable</tradeability>
      <techLevel>Ultra</techLevel>
	  <soundInteract>Metal_Drop</soundInteract>
      <soundDrop>Standard_Drop</soundDrop>
      <stackLimit>1</stackLimit>
      <healthAffectsPrice>false</healthAffectsPrice>
      <statBases>
        <MaxHitPoints>100</MaxHitPoints>
        <MarketValue>9500</MarketValue>
        <Mass>0.95</Mass>
        <Flammability>0.2</Flammability>
      </statBases>
      <burnableByRecipe>false</burnableByRecipe>
      <minRewardCount>1</minRewardCount>
      <thingCategories>
        <li>Artifacts</li>
      </thingCategories>
      <thingSetMakerTags>
        <li>RewardStandardCore</li>
		<li>RewardStandardHighFreq</li>
      </thingSetMakerTags>	  
	  <comps>
      <li Class="CompProperties_Usable">
        <compClass>CompUsableImplant</compClass>
        <useJob>UseItem</useJob>
        <useLabel>Use {0_label}</useLabel>
		<userMustHaveHediff>DarkConstitution</userMustHaveHediff>
      </li>
      <li Class="CompProperties_UseEffectInstallImplant">
        <hediffDef>Skill_SummonBallista</hediffDef>
        <bodyPart>Brain</bodyPart>
        <canUpgrade>true</canUpgrade>
      </li>
	  <li Class="CompProperties_UseEffectDestroySelf" />
      <li Class="CompProperties_Forbiddable"/>
    </comps>
	<tradeTags>
      <li>ExoticMisc</li>
	  <li>Artifact</li>
    </tradeTags>
  </ThingDef>
  
  <HediffDef>
    <defName>Skill_SummonBallista</defName>
    <hediffClass>Hediff_Level</hediffClass>
    <descriptionHyperlinks><ThingDef>Dwarven_SummonBallista</ThingDef></descriptionHyperlinks>
    <label>Extra skill : Summon Ballista</label>
    <description>A unique condition after using a scroll of dwarves, allowing the user to learn the summon ballista skill, and grants a slight bonus to manipulation.</description>
    <descriptionShort>After using a scroll of dwarves, they can learn the skill "Summon Ballista", along with receiving slight manipulation bonus. This can be installed up to 3 times.</descriptionShort>
    <defaultLabelColor>(0.9,0.8,0.2)</defaultLabelColor>
    <isBad>false</isBad>
    <priceImpact>true</priceImpact>
    <initialSeverity>1</initialSeverity>
    <minSeverity>0</minSeverity>
    <maxSeverity>3</maxSeverity>
    <keepOnBodyPartRestoration>True</keepOnBodyPartRestoration>
    <levelIsQuantity>true</levelIsQuantity>
    <comps>
      <li Class="HediffCompProperties_GiveAbility">
        <abilityDefs>
          <li>SummonBallista</li>
        </abilityDefs>
      </li>
	  <li Class="HediffCompProperties_DisappearsOnDeath"/>
    </comps>
    <stages>
      <li>
        <minSeverity>1</minSeverity>
        <capMods>
          <li>
            <capacity>Manipulation</capacity>
            <offset>0.02</offset>
          </li>
        </capMods>
      </li>
      <li>
        <minSeverity>2</minSeverity>
        <capMods>
          <li>
            <capacity>Manipulation</capacity>
            <offset>0.05</offset>
          </li>
        </capMods>
      </li>
      <li>
        <minSeverity>3</minSeverity>
        <capMods>
          <li>
            <capacity>Manipulation</capacity>
            <offset>0.07</offset>
          </li>
        </capMods>
      </li>
    </stages>
  </HediffDef>
  
  <!-- Summon Automatons -->
  
  <ThingDef ParentName="ResourceBase">
      <defName>Dwarven_SummonAutomatons</defName>
      <label>scroll of dwarves "Summon Automatons"</label>
      <description>An advanced dwarven device that can teach any pawn with a dark constitution gene the summon ballista ability.</description>
      <graphicData>
        <texPath>Things/Resources/Scroll_Dwarven</texPath>
        <graphicClass>Graphic_Single</graphicClass>
      </graphicData>
      <tradeability>Sellable</tradeability>
      <techLevel>Ultra</techLevel>
	  <soundInteract>Metal_Drop</soundInteract>
      <soundDrop>Standard_Drop</soundDrop>
      <stackLimit>1</stackLimit>
      <healthAffectsPrice>false</healthAffectsPrice>
      <statBases>
        <MaxHitPoints>100</MaxHitPoints>
        <MarketValue>11500</MarketValue>
        <Mass>0.95</Mass>
        <Flammability>0.2</Flammability>
      </statBases>
      <burnableByRecipe>false</burnableByRecipe>
      <minRewardCount>1</minRewardCount>
      <thingCategories>
        <li>Artifacts</li>
      </thingCategories>
      <thingSetMakerTags>
        <li>RewardStandardCore</li>
		<li>RewardStandardHighFreq</li>
      </thingSetMakerTags>	  
	  <comps>
      <li Class="CompProperties_Usable">
        <compClass>CompUsableImplant</compClass>
        <useJob>UseItem</useJob>
        <useLabel>Use {0_label}</useLabel>
		<userMustHaveHediff>DarkConstitution</userMustHaveHediff>
      </li>
      <li Class="CompProperties_UseEffectInstallImplant">
        <hediffDef>Skill_SummonAutomatons</hediffDef>
        <bodyPart>Brain</bodyPart>
        <canUpgrade>true</canUpgrade>
      </li>
	  <li Class="CompProperties_UseEffectDestroySelf" />
      <li Class="CompProperties_Forbiddable"/>
    </comps>
	<tradeTags>
      <li>ExoticMisc</li>
	  <li>Artifact</li>
    </tradeTags>
  </ThingDef>
  
  <HediffDef>
    <defName>Skill_SummonAutomatons</defName>
    <hediffClass>Hediff_Level</hediffClass>
    <descriptionHyperlinks><ThingDef>Dwarven_SummonAutomatons</ThingDef></descriptionHyperlinks>
    <label>Extra skill : Summon Automatons</label>
    <description>A unique condition after using a scroll of dwarves, allowing the user to learn the summon automatons skill, and grants a slight bonus to manipulation.</description>
    <descriptionShort>After using a scroll of dwarves, they can learn the skill "Summon Automatons", along with receiving slight manipulation bonus. This can be installed up to 3 times.</descriptionShort>
    <defaultLabelColor>(0.9,0.8,0.2)</defaultLabelColor>
    <isBad>false</isBad>
    <priceImpact>true</priceImpact>
    <initialSeverity>1</initialSeverity>
    <minSeverity>0</minSeverity>
    <maxSeverity>3</maxSeverity>
    <keepOnBodyPartRestoration>True</keepOnBodyPartRestoration>
    <levelIsQuantity>true</levelIsQuantity>
    <comps>
      <li Class="HediffCompProperties_GiveAbility">
        <abilityDefs>
          <li>SummonAutomatons</li>
        </abilityDefs>
      </li>
	  <li Class="HediffCompProperties_DisappearsOnDeath"/>
    </comps>
    <stages>
      <li>
        <minSeverity>1</minSeverity>
        <capMods>
          <li>
            <capacity>Manipulation</capacity>
            <offset>0.02</offset>
          </li>
        </capMods>
      </li>
      <li>
        <minSeverity>2</minSeverity>
        <capMods>
          <li>
            <capacity>Manipulation</capacity>
            <offset>0.05</offset>
          </li>
        </capMods>
      </li>
      <li>
        <minSeverity>3</minSeverity>
        <capMods>
          <li>
            <capacity>Manipulation</capacity>
            <offset>0.07</offset>
          </li>
        </capMods>
      </li>
    </stages>
  </HediffDef>

</Defs>