<?xml version="1.0" encoding="utf-8"?>
<Defs>

  <DamageDef>
    <defName>CriticalHit</defName>
    <label>critical hit</label>
    <workerClass>DamageWorker_AddInjury</workerClass>
    <externalViolence>true</externalViolence>
    <deathMessage>{0} has been shot to death.</deathMessage>
    <hediff>Gunshot</hediff>
    <hediffSolid>Crack</hediffSolid>
	<defaultDamage>9999</defaultDamage>
	<defaultArmorPenetration>2.0</defaultArmorPenetration>
    <defaultStoppingPower>2.0</defaultStoppingPower>
    <impactSoundType>Bullet</impactSoundType>
    <armorCategory>Sharp</armorCategory>
    <overkillPctToDestroyPart>0~0.7</overkillPctToDestroyPart>
    <isRanged>true</isRanged>
    <makesAnimalsFlee>true</makesAnimalsFlee>
	<damageEffecter>Impact_CriticalHit</damageEffecter>
  </DamageDef>
  
  <EffecterDef>
    <defName>Impact_CriticalHit</defName>
    <children>
	  <li>
        <subEffecterClass>SubEffecter_SoundTriggered</subEffecterClass>
        <spawnLocType>OnSource</spawnLocType>
        <soundDef>Impact_CriticalHit</soundDef>
      </li>
      <li>
        <subEffecterClass>SubEffecter_SprayerTriggered</subEffecterClass>
        <moteDef>Mote_CriticalHitOne</moteDef>
        <positionRadius>0.1</positionRadius>
        <burstCount>1</burstCount>
        <scale>1~1.4</scale>
        <spawnLocType>OnSource</spawnLocType>
      </li>
    </children>
  </EffecterDef>
  
  <ThingDef ParentName="MoteBase">
    <defName>Mote_CriticalHit</defName>
    <graphicData>
      <texPath>Things/Misc/Motes/Critical_Hit/CriticalHit</texPath>
	  <shaderType>MoteGlow</shaderType>
	  <drawSize>(0.6, 0.6)</drawSize>
    </graphicData>
    <altitudeLayer>MoteOverhead</altitudeLayer>
    <mote>
      <fadeInTime>0.02</fadeInTime>
      <solidTime>0.03</solidTime>
      <fadeOutTime>0.5</fadeOutTime>
	  <growthRate>0.9</growthRate>
    </mote>
  </ThingDef>
  
  <ThingDef ParentName="MoteBase">
    <defName>Mote_CriticalHitOne</defName>
    <graphicData>
      <texPath>Things/Misc/Motes/Critical_Hit/CriticalHit</texPath>
	  <shaderType>MoteGlow</shaderType>
	  <drawSize>(1.3, 1.3)</drawSize>
    </graphicData>
    <altitudeLayer>MoteOverhead</altitudeLayer>
    <mote>
      <fadeInTime>0.02</fadeInTime>
      <solidTime>0.03</solidTime>
      <fadeOutTime>0.5</fadeOutTime>
	  <growthRate>0.9</growthRate>
    </mote>
  </ThingDef>
  
  <DamageDef>
    <defName>TrueShot</defName>
    <label>true shot</label>
    <workerClass>DamageWorker_AddInjury</workerClass>
    <externalViolence>true</externalViolence>
    <deathMessage>{0} has been shot to death.</deathMessage>
    <hediff>Gunshot</hediff>
    <hediffSolid>Crack</hediffSolid>
	<defaultDamage>100</defaultDamage>
	<defaultArmorPenetration>2.0</defaultArmorPenetration>
    <defaultStoppingPower>2.0</defaultStoppingPower>
    <impactSoundType>Bullet</impactSoundType>
    <armorCategory>Sharp</armorCategory>
    <overkillPctToDestroyPart>0~3.0</overkillPctToDestroyPart>
    <isRanged>true</isRanged>
    <makesAnimalsFlee>true</makesAnimalsFlee>
  </DamageDef>
  
  <DamageDef>
    <defName>DarkSpearDamage</defName>
    <workerClass>DamageWorker_AddInjury</workerClass>
    <externalViolence>true</externalViolence>
    <deathMessage>{0} have been stabbed to death.</deathMessage>
	<hediff>Stab</hediff>
	<hediffSolid>Crack</hediffSolid>
	<armorCategory>Sharp</armorCategory>
	<harmsHealth>true</harmsHealth>
	<defaultDamage>65</defaultDamage>
	<minDamageToFragment>15</minDamageToFragment>
	<defaultStoppingPower>3.0</defaultStoppingPower>
	<defaultArmorPenetration>1.75</defaultArmorPenetration>
	<buildingDamageFactorImpassable>5</buildingDamageFactorImpassable>
    <buildingDamageFactorPassable>5</buildingDamageFactorPassable>
	<impactSoundType>Bullet</impactSoundType>
	<isRanged>true</isRanged>
  </DamageDef>
  
  <DamageDef>
    <defName>DarkBlast</defName>
    <workerClass>DamageWorker_AddInjury</workerClass>
    <externalViolence>true</externalViolence>
    <deathMessage>{0} have died in the explosion.</deathMessage>
	<hediff>WitheringDamage</hediff>
	<hediffSolid>WitheringDamage</hediffSolid>
	<armorCategory>Sharp</armorCategory>
	<harmsHealth>true</harmsHealth>
	<defaultDamage>60</defaultDamage>
	<minDamageToFragment>150</minDamageToFragment>
	<defaultStoppingPower>3.0</defaultStoppingPower>
	<harmAllLayersUntilOutside>true</harmAllLayersUntilOutside>
	<defaultArmorPenetration>1.75</defaultArmorPenetration>
	<buildingDamageFactorImpassable>5</buildingDamageFactorImpassable>
    <buildingDamageFactorPassable>5</buildingDamageFactorPassable>
	<explosionHeatEnergyPerCell>15</explosionHeatEnergyPerCell>
    <explosionCellFleck>WitheringBlastz</explosionCellFleck>
    <explosionColorCenter>(1, 0.7, 0.7)</explosionColorCenter>
    <explosionColorEdge>(1, 1, 0.7)</explosionColorEdge>
	<corpseDamageFactor>2.0</corpseDamageFactor>
    <soundExplosion>Explosion_DarkBlast</soundExplosion>
    <hasForcefulImpact>true</hasForcefulImpact>
	<combatLogRules>Damage_Bomb</combatLogRules>
	<isRanged>true</isRanged>
  </DamageDef>
  
  <FleckDef ParentName="FleckBase">
    <defName>WitheringBlastz</defName>
	<graphicData>
      <texPath>Things/Misc/Motes/WitheringBlast/Explosion_ShadowWalker_c</texPath>
      <shaderType>MoteGlow</shaderType>
      <renderInstanced>true</renderInstanced>
	  <drawSize>1.25</drawSize>
    </graphicData>
    <altitudeLayer>MoteOverhead</altitudeLayer>
    <solidTime>0</solidTime>
    <fadeOutTime>0.2</fadeOutTime>
  </FleckDef>
  
  <DamageDef>
    <defName>Corruption</defName>
    <label>corruption</label>
    <workerClass>DamageWorker_Frostbite</workerClass>
    <externalViolence>false</externalViolence>
    <deathMessage>{0} has succumbed to corruption.</deathMessage>
    <hediff>CorruptChi</hediff>
	<defaultDamage>35</defaultDamage>
	<defaultArmorPenetration>0.95</defaultArmorPenetration>
    <harmAllLayersUntilOutside>false</harmAllLayersUntilOutside>
    <canUseDeflectMetalEffect>false</canUseDeflectMetalEffect>
	<damageEffecter>Impact_Corruption</damageEffecter>
  </DamageDef>
  
  <EffecterDef>
    <defName>Impact_Corruption</defName>
    <children>
      <li>
        <subEffecterClass>SubEffecter_SprayerTriggered</subEffecterClass>
        <moteDef>Mote_Corruption</moteDef>
        <positionRadius>0.1</positionRadius>
        <burstCount>1</burstCount>
        <scale>1~1.4</scale>
        <spawnLocType>OnSource</spawnLocType>
      </li>
    </children>
  </EffecterDef>
  
  <ThingDef ParentName="MoteBase">
    <defName>Mote_Corruption</defName>
    <thingClass>MoteAttached</thingClass>
    <altitudeLayer>MoteOverhead</altitudeLayer>
    <mote>
      <fadeInTime>0.05</fadeInTime>
      <fadeOutTime>0.1</fadeOutTime>
      <solidTime>0.35</solidTime>
    </mote>
    <graphicData>
      <texPath>Things/Misc/Motes/PurpleSparkSimplez/PurpleSparksSimple</texPath>
      <graphicClass>Graphic_MoteWithAgeSecs</graphicClass>
      <shaderType>GlowAnimated</shaderType>
      <shaderParameters>
        <_NumFrames>7</_NumFrames>
        <_FramesPerSec>1</_FramesPerSec>
      </shaderParameters>
      <drawSize>(1.0, 1.0)</drawSize>
    </graphicData>
  </ThingDef>
  
  <DamageDef>
	<defName>DarkChiDamage</defName>
	<label>dark chi</label>
	<workerClass>DamageWorker_AddInjury</workerClass>
	<externalViolence>false</externalViolence>
	<deathMessage>{0} has died from dark chi.</deathMessage>
	<hediff>CorruptChi</hediff>
	<additionalHediffs>
		<li>
			<hediff>ChiCorruption</hediff>
			<severityPerDamageDealt>0.012</severityPerDamageDealt>
		</li>
	</additionalHediffs>
	<isRanged>true</isRanged>
    <defaultDamage>20</defaultDamage>
    <armorCategory>Sharp</armorCategory>
	<harmAllLayersUntilOutside>true</harmAllLayersUntilOutside>
    <defaultArmorPenetration>0.95</defaultArmorPenetration>
	<buildingDamageFactor>0.2</buildingDamageFactor>
	<plantDamageFactor>4</plantDamageFactor>
    <canUseDeflectMetalEffect>false</canUseDeflectMetalEffect>
    <makesBlood>false</makesBlood>
	<makesAnimalsFlee>true</makesAnimalsFlee>
	<damageEffecter>Impact_DarkChi</damageEffecter>
  </DamageDef>
  
  <EffecterDef>
    <defName>Impact_DarkChi</defName>
    <children>
      <li>
        <subEffecterClass>SubEffecter_SprayerTriggered</subEffecterClass>
        <moteDef>Mote_DarkChi</moteDef>
        <positionRadius>0.1</positionRadius>
        <burstCount>1</burstCount>
        <scale>1~1.4</scale>
        <spawnLocType>OnSource</spawnLocType>
      </li>
    </children>
  </EffecterDef>
  
  <ThingDef ParentName="MoteBase">
    <defName>Mote_DarkChi</defName>
    <graphicData>
      <texPath>Things/Misc/Motes/DarkChiImpact/Impact_DarkChi</texPath>
	  <shaderType>MoteGlow</shaderType>
	  <drawSize>(1.2, 1.2)</drawSize>
    </graphicData>
    <altitudeLayer>MoteOverhead</altitudeLayer>
    <mote>
      <fadeInTime>0.04</fadeInTime>
      <solidTime>0.03</solidTime>
      <fadeOutTime>1</fadeOutTime>
    </mote>
  </ThingDef>
  
  <DamageDef>
    <defName>ShadowEdgez</defName>
    <label>shadow edge slash</label>
    <workerClass>DamageWorker_AddInjury</workerClass>
    <externalViolence>true</externalViolence>
    <deathMessage>{0} was cut to death.</deathMessage>
    <hediff>Cut</hediff>
    <hediffSolid>ArmorBaneDamage</hediffSolid>
    <harmAllLayersUntilOutside>true</harmAllLayersUntilOutside>
    <armorCategory>Sharp</armorCategory>
    <overkillPctToDestroyPart>0.4~0.9</overkillPctToDestroyPart>
	<damageEffecter>Impact_ShadowEdge</damageEffecter>
  </DamageDef>
  
  <EffecterDef>
    <defName>Impact_ShadowEdge</defName>
    <children>
      <li>
        <subEffecterClass>SubEffecter_SprayerTriggered</subEffecterClass>
        <moteDef>Mote_ShadowEdge</moteDef>
        <positionRadius>0.1</positionRadius>
        <burstCount>1</burstCount>
        <scale>1~1.4</scale>
        <spawnLocType>OnSource</spawnLocType>
      </li>
    </children>
  </EffecterDef>
  
  <ThingDef ParentName="MoteBase">
    <defName>Mote_ShadowEdge</defName>
    <graphicData>
      <texPath>Things/Misc/Motes/BladeHeartEffects/ShadowSlash1</texPath>
	  <shaderType>MoteGlow</shaderType>
	  <drawSize>(1.2, 1.2)</drawSize>
    </graphicData>
    <altitudeLayer>MoteOverhead</altitudeLayer>
    <mote>
      <fadeInTime>0.04</fadeInTime>
      <solidTime>0.03</solidTime>
      <fadeOutTime>1</fadeOutTime>
    </mote>
  </ThingDef>
  
  <DamageDef>
    <defName>HeartSeekerStabz</defName>
    <label>heart seeker stab</label>
    <workerClass>DamageWorker_AddInjury</workerClass>
    <externalViolence>true</externalViolence>
    <deathMessage>{0} was cut to death.</deathMessage>
    <hediff>Stab</hediff>
    <hediffSolid>ArmorBaneDamage</hediffSolid>
    <harmAllLayersUntilOutside>true</harmAllLayersUntilOutside>
    <armorCategory>Sharp</armorCategory>
    <overkillPctToDestroyPart>0.4~0.9</overkillPctToDestroyPart>
	<damageEffecter>Impact_HeartSeeker</damageEffecter>
  </DamageDef>
  
  <EffecterDef>
    <defName>Impact_HeartSeeker</defName>
    <children>
      <li>
        <subEffecterClass>SubEffecter_SprayerTriggered</subEffecterClass>
        <moteDef>Mote_HeartSeeker</moteDef>
        <positionRadius>0.1</positionRadius>
        <burstCount>1</burstCount>
        <scale>1~1.4</scale>
        <spawnLocType>OnSource</spawnLocType>
      </li>
    </children>
  </EffecterDef>
  
  <ThingDef ParentName="MoteBase">
    <defName>Mote_HeartSeeker</defName>
    <graphicData>
      <texPath>Things/Misc/Motes/BladeHeartEffects/ShadowSlash2</texPath>
	  <shaderType>MoteGlow</shaderType>
	  <drawSize>(1.2, 1.2)</drawSize>
    </graphicData>
    <altitudeLayer>MoteOverhead</altitudeLayer>
    <mote>
      <fadeInTime>0.04</fadeInTime>
      <solidTime>0.03</solidTime>
      <fadeOutTime>1</fadeOutTime>
    </mote>
  </ThingDef>
  
  <DamageDef>
    <defName>ShadowImpactCrushz</defName>
    <label>shadow impact crush</label>
    <workerClass>DamageWorker_AddInjury</workerClass>
    <externalViolence>true</externalViolence>
    <deathMessage>{0} was crushed to death.</deathMessage>
    <hediff>Crush</hediff>
    <hediffSolid>ArmorBaneDamage</hediffSolid>
    <harmAllLayersUntilOutside>true</harmAllLayersUntilOutside>
    <armorCategory>Blunt</armorCategory>
    <overkillPctToDestroyPart>0.4~0.9</overkillPctToDestroyPart>
	<damageEffecter>Impact_DarkChi</damageEffecter>
  </DamageDef>
  
  <DamageDef>
	<defName>ShadowCut</defName>
	<label>shadow cut</label>
	<workerClass>DamageWorker_AddInjury</workerClass>
	<externalViolence>false</externalViolence>
	<deathMessage>{0} has been cut to death.</deathMessage>
	<hediff>Cut</hediff>
	<hediffSolid>Crack</hediffSolid>
	<isRanged>true</isRanged>
    <defaultDamage>20</defaultDamage>
    <armorCategory>Sharp</armorCategory>
	<harmAllLayersUntilOutside>true</harmAllLayersUntilOutside>
    <defaultArmorPenetration>1.0</defaultArmorPenetration>
	<buildingDamageFactor>0.2</buildingDamageFactor>
	<plantDamageFactor>4</plantDamageFactor>
    <canUseDeflectMetalEffect>true</canUseDeflectMetalEffect>
    <makesBlood>true</makesBlood>
	<makesAnimalsFlee>true</makesAnimalsFlee>
	<impactSoundType>BloodLetter_BloodImpact</impactSoundType>
	<damageEffecter>Impact_DarkStab</damageEffecter>
  </DamageDef>
  
  <EffecterDef>
    <defName>Impact_DarkStab</defName>
    <children>
      <li>
        <subEffecterClass>SubEffecter_SprayerTriggered</subEffecterClass>
        <moteDef>Mote_DarkStab</moteDef>
        <positionRadius>0.1</positionRadius>
        <burstCount>1</burstCount>
        <scale>1~1.4</scale>
        <spawnLocType>OnSource</spawnLocType>
      </li>
    </children>
  </EffecterDef>
  
  <ThingDef ParentName="MoteBase">
    <defName>Mote_DarkStab</defName>
    <graphicData>
      <texPath>Things/Misc/Motes/BladeHeartEffects/ShadowStab</texPath>
	  <shaderType>MoteGlow</shaderType>
	  <drawSize>(1.2, 1.2)</drawSize>
    </graphicData>
    <altitudeLayer>MoteOverhead</altitudeLayer>
    <mote>
      <fadeInTime>0.04</fadeInTime>
      <solidTime>0.03</solidTime>
      <fadeOutTime>1</fadeOutTime>
    </mote>
  </ThingDef>
  
  <DamageDef>
	<defName>CorrosiveDamage</defName>
	<label>corrosive damage</label>
	<workerClass>DamageWorker_AddInjury</workerClass>
	<externalViolence>false</externalViolence>
	<deathMessage>{0} has died from corrosive damage.</deathMessage>
	<hediff>CorrosiveDamage</hediff>
	<additionalHediffs>
		<li>
			<hediff>CorrosiveAcid</hediff>
			<severityPerDamageDealt>0.0065</severityPerDamageDealt>
		</li>
	</additionalHediffs>
	<isRanged>true</isRanged>
    <defaultDamage>4</defaultDamage>
    <armorCategory>Sharp</armorCategory>
	<harmAllLayersUntilOutside>true</harmAllLayersUntilOutside>
    <defaultArmorPenetration>0.95</defaultArmorPenetration>
	<buildingDamageFactor>0.2</buildingDamageFactor>
	<plantDamageFactor>4</plantDamageFactor>
    <canUseDeflectMetalEffect>false</canUseDeflectMetalEffect>
    <makesBlood>false</makesBlood>
	<makesAnimalsFlee>true</makesAnimalsFlee>
	<damageEffecter>Impact_CorrosiveDamage</damageEffecter>
  </DamageDef>
  
  <EffecterDef>
    <defName>Impact_CorrosiveDamage</defName>
    <children>
      <li>
        <subEffecterClass>SubEffecter_SprayerTriggered</subEffecterClass>
        <moteDef>Mote_CorrosiveDamage</moteDef>
        <positionRadius>0.1</positionRadius>
        <burstCount>1</burstCount>
        <scale>1~1.4</scale>
        <spawnLocType>OnSource</spawnLocType>
      </li>
    </children>
  </EffecterDef>
  
  <ThingDef ParentName="MoteBase">
    <defName>Mote_CorrosiveDamage</defName>
    <graphicData>
      <texPath>Things/Misc/Motes/CorrosiveAttacks/Corrosive_Impact</texPath>
	  <shaderType>MoteGlow</shaderType>
	  <drawSize>(1.2, 1.2)</drawSize>
    </graphicData>
    <altitudeLayer>MoteOverhead</altitudeLayer>
    <mote>
      <fadeInTime>0.04</fadeInTime>
      <solidTime>0.03</solidTime>
      <fadeOutTime>1</fadeOutTime>
    </mote>
  </ThingDef>
  
  <DamageDef>
    <defName>Corrosion</defName>
    <label>corrosion</label>
    <workerClass>DamageWorker_Frostbite</workerClass>
    <externalViolence>false</externalViolence>
    <deathMessage>{0} has succumbed to corrosion.</deathMessage>
    <hediff>CorrosiveDamage</hediff>
	<defaultDamage>20</defaultDamage>
	<defaultArmorPenetration>0.95</defaultArmorPenetration>
    <harmAllLayersUntilOutside>false</harmAllLayersUntilOutside>
    <canUseDeflectMetalEffect>false</canUseDeflectMetalEffect>
	<damageEffecter>Impact_Toxic</damageEffecter>
  </DamageDef>
  
  <DamageDef>
    <defName>ShadowEdgezNormal</defName>
    <label>shadow edge slash</label>
    <workerClass>DamageWorker_AddInjury</workerClass>
    <externalViolence>true</externalViolence>
    <deathMessage>{0} was cut to death.</deathMessage>
    <hediff>Cut</hediff>
    <hediffSolid>Crack</hediffSolid>
	<defaultDamage>15</defaultDamage>
	<defaultArmorPenetration>0.95</defaultArmorPenetration>
    <harmAllLayersUntilOutside>true</harmAllLayersUntilOutside>
    <armorCategory>Sharp</armorCategory>
    <overkillPctToDestroyPart>0.4~0.9</overkillPctToDestroyPart>
	<damageEffecter>Impact_Aura</damageEffecter>
  </DamageDef>
  
  <EffecterDef>
    <defName>Impact_Aura</defName>
    <children>
      <li>
        <subEffecterClass>SubEffecter_SprayerTriggered</subEffecterClass>
        <moteDef>Mote_AuraAttack</moteDef>
        <positionRadius>0.1</positionRadius>
        <burstCount>1</burstCount>
        <scale>1~1.4</scale>
        <spawnLocType>OnSource</spawnLocType>
      </li>
    </children>
  </EffecterDef>
  
  <ThingDef ParentName="MoteBase">
    <defName>Mote_AuraAttack</defName>
    <graphicData>
      <texPath>Things/Misc/Motes/MeleeHits</texPath>
	  <graphicClass>Graphic_Flicker</graphicClass>
	  <shaderType>MoteGlow</shaderType>
	  <drawSize>(1.2, 1.2)</drawSize>
	  <shaderParameters>
        <_NumFrames>4</_NumFrames>
        <_FramesPerSec>0.2</_FramesPerSec>
      </shaderParameters>
    </graphicData>
    <altitudeLayer>MoteOverhead</altitudeLayer>
    <mote>
      <fadeInTime>0.05</fadeInTime>
      <solidTime>0.05</solidTime>
      <fadeOutTime>0.10</fadeOutTime>
    </mote>
  </ThingDef>
  
  <DamageDef>
    <defName>HeartSeekerStabzNormal</defName>
    <label>heart seeker stab</label>
    <workerClass>DamageWorker_AddInjury</workerClass>
    <externalViolence>true</externalViolence>
    <deathMessage>{0} was cut to death.</deathMessage>
    <hediff>Stab</hediff>
    <hediffSolid>Crack</hediffSolid>
	<defaultDamage>25</defaultDamage>
	<defaultArmorPenetration>0.95</defaultArmorPenetration>
    <harmAllLayersUntilOutside>true</harmAllLayersUntilOutside>
    <armorCategory>Sharp</armorCategory>
    <overkillPctToDestroyPart>0.4~0.9</overkillPctToDestroyPart>
	<damageEffecter>Impact_Aura</damageEffecter>
  </DamageDef>
  
  <DamageDef>
    <defName>ShadowImpactCrushzNormal</defName>
    <label>shadow impact crush</label>
    <workerClass>DamageWorker_AddInjury</workerClass>
    <externalViolence>true</externalViolence>
    <deathMessage>{0} was crushed to death.</deathMessage>
    <hediff>Crush</hediff>
    <hediffSolid>Crack</hediffSolid>
	<defaultDamage>20</defaultDamage>
	<defaultArmorPenetration>0.95</defaultArmorPenetration>
    <harmAllLayersUntilOutside>true</harmAllLayersUntilOutside>
    <armorCategory>Blunt</armorCategory>
    <overkillPctToDestroyPart>0.4~0.9</overkillPctToDestroyPart>
	<damageEffecter>Impact_Aura</damageEffecter>
  </DamageDef>
  
  <DamageDef>
    <defName>BloodLetter_Cut</defName>
    <label>cut</label>
    <workerClass>DamageWorker_Cut</workerClass>
    <externalViolence>true</externalViolence>
    <deathMessage>{0} has been cut to death.</deathMessage>
    <hediff>Cut</hediff>
    <hediffSkin>Cut</hediffSkin>
    <hediffSolid>Crack</hediffSolid>
    <harmAllLayersUntilOutside>true</harmAllLayersUntilOutside>
    <armorCategory>Sharp</armorCategory>
    <overkillPctToDestroyPart>0~0.1</overkillPctToDestroyPart>
    <cutExtraTargetsCurve>
      <points>
        <li>0, 0</li>
        <li>0.6, 1</li>
        <li>0.9, 2</li>
        <li>1, 3</li>
      </points>
    </cutExtraTargetsCurve>
    <cutCleaveBonus>1.7</cutCleaveBonus>
    <additionalHediffs>
      <li>
        <hediff>BloodLoss</hediff>
        <severityPerDamageDealt>0.005</severityPerDamageDealt>
        <inverseStatScaling>true</inverseStatScaling>
        <victimSeverityScalingByInvBodySize>true</victimSeverityScalingByInvBodySize>
      </li>
    </additionalHediffs>
    <applyAdditionalHediffsIfHuntingForFood>false</applyAdditionalHediffsIfHuntingForFood>
    <impactSoundType>BloodLetter_BloodImpact</impactSoundType>
    <damageEffecter>BloodLetter_Impact</damageEffecter>
  </DamageDef>
  
  <EffecterDef>
    <defName>BloodLetter_Impact</defName>
       <children>
	<li>
		<subEffecterClass>SubEffecter_SprayerTriggered</subEffecterClass>
		<moteDef>BloodLetter_Effect_Impact</moteDef>
		<positionRadius>0.1</positionRadius>
		<burstCount>3</burstCount>
		<scale>1~1.4</scale>
		<spawnLocType>OnSource</spawnLocType>
	</li>
      </children>
  </EffecterDef>

 <ThingDef ParentName="MoteBase">
    <defName>BloodLetter_Effect_Impact</defName>
	<altitudeLayer>MoteOverhead</altitudeLayer>
    <mote>
    <fadeInTime>0.04</fadeInTime>
	<solidTime>0.03</solidTime>
	<fadeOutTime>1</fadeOutTime>
    </mote>
    <graphicData>
      <drawSize>2</drawSize>
      <texPath>Things/Misc/Motes/BloodLetterEffect/BloodySlash</texPath>
    </graphicData>
  </ThingDef>
  
  <DamageDef>
    <defName>FierySlash</defName>
    <label>cut</label>
    <workerClass>DamageWorker_Flame</workerClass>
    <externalViolence>true</externalViolence>
    <deathMessage>{0} has been burnt in holy fire.</deathMessage>
    <hediff>Burn</hediff>
    <hediffSkin>FireArmorBane</hediffSkin>
    <hediffSolid>FireArmorBane</hediffSolid>
    <harmAllLayersUntilOutside>true</harmAllLayersUntilOutside>
    <armorCategory>Heat</armorCategory>
    <overkillPctToDestroyPart>0~0.1</overkillPctToDestroyPart>
    <cutExtraTargetsCurve>
      <points>
        <li>0, 0</li>
        <li>0.6, 1</li>
        <li>0.9, 2</li>
        <li>1, 3</li>
      </points>
    </cutExtraTargetsCurve>
    <cutCleaveBonus>1.7</cutCleaveBonus>
    <!--<additionalHediffs>
      <li>
        <hediff>BloodLoss</hediff>
        <severityPerDamageDealt>0.005</severityPerDamageDealt>
        <inverseStatScaling>true</inverseStatScaling>
        <victimSeverityScalingByInvBodySize>true</victimSeverityScalingByInvBodySize>
      </li>
    </additionalHediffs>-->
    <applyAdditionalHediffsIfHuntingForFood>false</applyAdditionalHediffsIfHuntingForFood>
    <impactSoundType>HolyBlade_FieryImpact</impactSoundType>
    <damageEffecter>Fiery_Impact</damageEffecter>
  </DamageDef>
  
  <EffecterDef>
    <defName>Fiery_Impact</defName>
       <children>
	<li>
		<subEffecterClass>SubEffecter_SprayerTriggered</subEffecterClass>
		<moteDef>Fiery_Effect_Impact</moteDef>
		<positionRadius>0.1</positionRadius>
		<burstCount>1</burstCount>
		<scale>1~1.4</scale>
		<spawnLocType>OnSource</spawnLocType>
	</li>
      </children>
  </EffecterDef>

 <ThingDef ParentName="MoteBase">
    <defName>Fiery_Effect_Impact</defName>
	<altitudeLayer>MoteOverhead</altitudeLayer>
    <mote>
    <fadeInTime>0.04</fadeInTime>
	<solidTime>0.03</solidTime>
	<fadeOutTime>1</fadeOutTime>
    </mote>
    <graphicData>
      <drawSize>2</drawSize>
      <texPath>Things/Misc/Motes/CaptainLudsHolyBlade_Effect/FireryStrike</texPath>
    </graphicData>
  </ThingDef>
  
  <DamageDef>
    <defName>DarkKnifeDamage</defName>
    <workerClass>DamageWorker_AddInjury</workerClass>
    <externalViolence>true</externalViolence>
    <deathMessage>{0} have peaced-out.</deathMessage>
	<hediff>ArmorBaneDamage</hediff>
	<hediffSolid>ArmorBaneDamage</hediffSolid>
	<armorCategory>Sharp</armorCategory>
	<harmsHealth>true</harmsHealth>
	<defaultDamage>20</defaultDamage>
	<minDamageToFragment>15</minDamageToFragment>
	<defaultStoppingPower>3.0</defaultStoppingPower>
	<defaultArmorPenetration>1.75</defaultArmorPenetration>
	<buildingDamageFactorImpassable>5</buildingDamageFactorImpassable>
    <buildingDamageFactorPassable>5</buildingDamageFactorPassable>
	<impactSoundType>BloodLetter_BloodImpact</impactSoundType>
	<isRanged>true</isRanged>
	<damageEffecter>Impact_DarkStab</damageEffecter>
  </DamageDef>
  
  <DamageDef>
    <defName>DeathImpact</defName>
    <label>death impact</label>
    <workerClass>DamageWorker_AddInjury</workerClass>
    <externalViolence>true</externalViolence>
    <deathMessage>{0} has died.</deathMessage>
    <hediff>Burn</hediff>
    <hediffSolid>Crack</hediffSolid>
	<defaultDamage>95</defaultDamage>
	<defaultStoppingPower>3.0</defaultStoppingPower>
	<defaultArmorPenetration>1.75</defaultArmorPenetration>
	<additionalHediffs>
      <li>
        <hediff>InstantDeath</hediff>
        <severityPerDamageDealt>0.5</severityPerDamageDealt>
        <inverseStatScaling>true</inverseStatScaling>
        <victimSeverityScalingByInvBodySize>true</victimSeverityScalingByInvBodySize>
      </li>
    </additionalHediffs>
    <harmAllLayersUntilOutside>true</harmAllLayersUntilOutside>
    <armorCategory>Sharp</armorCategory>
    <overkillPctToDestroyPart>0.4~0.9</overkillPctToDestroyPart>
	<damageEffecter>Impact_Aura</damageEffecter>
  </DamageDef>
  
  <DamageDef>
    <defName>RandyRevenge</defName>
    <workerClass>DamageWorker_AddInjury</workerClass>
    <externalViolence>true</externalViolence>
    <deathMessage>{0} have died in the explosion.</deathMessage>
	<hediff>WitheringDamage</hediff>
	<hediffSolid>WitheringDamage</hediffSolid>
	<armorCategory>Sharp</armorCategory>
	<harmsHealth>true</harmsHealth>
	<defaultDamage>250</defaultDamage>
	<minDamageToFragment>150</minDamageToFragment>
	<defaultStoppingPower>3.0</defaultStoppingPower>
	<harmAllLayersUntilOutside>true</harmAllLayersUntilOutside>
	<defaultArmorPenetration>1.75</defaultArmorPenetration>
	<buildingDamageFactorImpassable>5</buildingDamageFactorImpassable>
    <buildingDamageFactorPassable>5</buildingDamageFactorPassable>
	<explosionHeatEnergyPerCell>15</explosionHeatEnergyPerCell>
    <explosionCellFleck>WitheringBlastz</explosionCellFleck>
    <explosionColorCenter>(1,0,0)</explosionColorCenter>
    <explosionColorEdge>(0.3,0.2,0.6)</explosionColorEdge>
	<corpseDamageFactor>2.0</corpseDamageFactor>
    <soundExplosion>Explosion_DarkBlast</soundExplosion>
    <hasForcefulImpact>true</hasForcefulImpact>
	<combatLogRules>Damage_Bomb</combatLogRules>
	<isRanged>true</isRanged>
  </DamageDef>
  
  <DamageDef>
    <defName>BlastStabz</defName>
    <label>blast stab</label>
    <workerClass>DamageWorker_AddInjury</workerClass>
    <externalViolence>true</externalViolence>
    <deathMessage>{0} was blasted to death.</deathMessage>
    <hediff>Stab</hediff>
    <hediffSolid>Crack</hediffSolid>
	<defaultDamage>50</defaultDamage>
	<defaultArmorPenetration>0.95</defaultArmorPenetration>
    <harmAllLayersUntilOutside>true</harmAllLayersUntilOutside>
    <armorCategory>Sharp</armorCategory>
    <overkillPctToDestroyPart>0.4~0.9</overkillPctToDestroyPart>
	<damageEffecter>Impact_BlastStabz</damageEffecter>
  </DamageDef>
  
  <EffecterDef>
    <defName>Impact_BlastStabz</defName>
    <children>
      <li>
        <subEffecterClass>SubEffecter_SprayerTriggered</subEffecterClass>
        <moteDef>Mote_BlastStabz</moteDef>
        <positionRadius>0.1</positionRadius>
        <burstCount>1</burstCount>
        <scale>1~1.4</scale>
        <spawnLocType>OnSource</spawnLocType>
      </li>
    </children>
  </EffecterDef>
  
  <ThingDef ParentName="MoteBase">
    <defName>Mote_BlastStabz</defName>
    <graphicData>
      <texPath>Things/Misc/Motes/BladeHeartEffects/RegularImpact</texPath>
	  <shaderType>MoteGlow</shaderType>
	  <drawSize>(1.2, 1.2)</drawSize>
    </graphicData>
    <altitudeLayer>MoteOverhead</altitudeLayer>
    <mote>
      <fadeInTime>0.04</fadeInTime>
      <solidTime>0.03</solidTime>
      <fadeOutTime>0.8</fadeOutTime>
	  <growthRate>0.9</growthRate>
    </mote>
  </ThingDef>
  
  <DamageDef>
    <defName>ExplosionEX</defName>
    <workerClass>DamageWorker_AddInjury</workerClass>
    <externalViolence>true</externalViolence>
    <deathMessage>{0} have died in the explosion.</deathMessage>
	<hediff>Shredded</hediff>
	<hediffSolid>Shredded</hediffSolid>
	<armorCategory>Sharp</armorCategory>
	<harmsHealth>true</harmsHealth>
	<defaultDamage>250</defaultDamage>
	<minDamageToFragment>150</minDamageToFragment>
	<defaultStoppingPower>3.0</defaultStoppingPower>
	<harmAllLayersUntilOutside>true</harmAllLayersUntilOutside>
	<defaultArmorPenetration>1.2</defaultArmorPenetration>
	<buildingDamageFactorImpassable>5</buildingDamageFactorImpassable>
    <buildingDamageFactorPassable>5</buildingDamageFactorPassable>
	<explosionHeatEnergyPerCell>15</explosionHeatEnergyPerCell>
    <explosionCellFleck>BlastFlame</explosionCellFleck>
    <explosionColorCenter>(1, 0.7, 0.7)</explosionColorCenter>
    <explosionColorEdge>(1, 1, 0.7)</explosionColorEdge>
	<corpseDamageFactor>2.0</corpseDamageFactor>
    <soundExplosion>Explosion_Flame</soundExplosion>
    <hasForcefulImpact>true</hasForcefulImpact>
	<combatLogRules>Damage_Bomb</combatLogRules>
	<isRanged>true</isRanged>
  </DamageDef>
  
  <DamageDef>
    <defName>AntiArmor</defName>
    <workerClass>DamageWorker_AddInjury</workerClass>
    <externalViolence>true</externalViolence>
    <deathMessage>{0} have died in the explosion.</deathMessage>
	<hediff>ArmorBaneDamage</hediff>
	<hediffSolid>ArmorBaneDamage</hediffSolid>
	<armorCategory>Sharp</armorCategory>
	<harmsHealth>true</harmsHealth>
	<defaultDamage>5</defaultDamage>
	<minDamageToFragment>5</minDamageToFragment>
	<defaultStoppingPower>0.2</defaultStoppingPower>
	<harmAllLayersUntilOutside>true</harmAllLayersUntilOutside>
	<defaultArmorPenetration>1.75</defaultArmorPenetration>
	<buildingDamageFactorImpassable>5</buildingDamageFactorImpassable>
    <buildingDamageFactorPassable>5</buildingDamageFactorPassable>
	<explosionHeatEnergyPerCell>15</explosionHeatEnergyPerCell>
    <explosionCellFleck>AntiArmorBlastz</explosionCellFleck>
    <explosionColorCenter>(1,0,0)</explosionColorCenter>
    <explosionColorEdge>(0.3,0.2,0.6)</explosionColorEdge>
	<corpseDamageFactor>2.0</corpseDamageFactor>
    <soundExplosion>Explosion_Flame</soundExplosion>
    <hasForcefulImpact>true</hasForcefulImpact>
	<combatLogRules>Damage_Bomb</combatLogRules>
	<isRanged>true</isRanged>
  </DamageDef>
  
  <FleckDef ParentName="FleckBase">
    <defName>AntiArmorBlastz</defName>
	<graphicData>
      <texPath>Things/Misc/Motes/BladeHeartEffects/AntiArmorFleck</texPath>
      <shaderType>MoteGlow</shaderType>
      <renderInstanced>true</renderInstanced>
	  <drawSize>1.25</drawSize>
    </graphicData>
    <altitudeLayer>MoteOverhead</altitudeLayer>
    <solidTime>0</solidTime>
    <fadeOutTime>0.2</fadeOutTime>
  </FleckDef>

</Defs>