<?xml version="1.0" encoding="utf-8"?>
<Defs>

  <PawnKindDef Name="HunterBase" Abstract="True">
    <race>Human</race>
    <defaultFactionType>HuntersCovenant</defaultFactionType>
    <chemicalAddictionChance>0.1</chemicalAddictionChance>
    <invNutrition>3.00</invNutrition>
    <itemQuality>Good</itemQuality>
    <backstoryCryptosleepCommonality>0.08</backstoryCryptosleepCommonality>
    <maxGenerationAge>30</maxGenerationAge>
    <combatEnhancingDrugsChance>0.50</combatEnhancingDrugsChance>
    <combatEnhancingDrugsCount>0~5</combatEnhancingDrugsCount>
    <biocodeWeaponChance>0.1</biocodeWeaponChance>
  </PawnKindDef>
  
  <!-- Hunters Template -->
  
  <PawnKindDef Abstract="True" Name="Hunters" ParentName="HunterBase">
    <race>Human</race>
    <gearHealthRange>1~1</gearHealthRange>
    <initialWillRange>1~3</initialWillRange>
    <apparelTags>
	  <li>HunterApparels</li>
	  <li>BackPacksBasic</li>
    </apparelTags>	
    <apparelMoney>10000~10000</apparelMoney>
    <apparelAllowHeadgearChance>1.0</apparelAllowHeadgearChance>
    <weaponMoney>10000~10000</weaponMoney>
    <techHediffsChance>0.05</techHediffsChance>
    <techHediffsMoney>10000~10000</techHediffsMoney>
    <techHediffsRequired>
    </techHediffsRequired>
    <disallowedTraits>
      <li>Brawler</li>
	  <li>Wimp</li>
	  <li>Pyromaniac</li>
	  <li>BodyPurist</li>
	  <li>Nudist</li>
    </disallowedTraits>
    <inventoryOptions>
      <skipChance>0.95</skipChance>
      <subOptionsChooseOne>
        <li>
          <thingDef>MedicineIndustrial</thingDef>
          <countRange>5</countRange>
        </li>
		<li>
          <thingDef>Tobacco</thingDef>
          <countRange>15</countRange>
        </li>
		<li>
          <thingDef>MealSurvivalPack</thingDef>
          <countRange>16</countRange>
        </li>
      </subOptionsChooseOne>
    </inventoryOptions>
	<skills>
      <li>
        <skill>Shooting</skill>
        <range>5~15</range>
      </li>
	  <li>
        <skill>Melee</skill>
        <range>5~15</range>
      </li>	  
	  <li>
        <skill>Construction</skill>
        <range>5~15</range>
      </li>	 	  		    	  
	  <li>
        <skill>Social</skill>
        <range>10~18</range>
      </li>	  	    
	  <li>
        <skill>Medicine</skill>
        <range>10~18</range>
      </li>	 
	  <li>
        <skill>Intellectual</skill>
        <range>5~15</range>
      </li>
    </skills>
  </PawnKindDef>
  
  <!-- Hunters -->
  
  <PawnKindDef ParentName="Hunters">
    <defName>Hunter_Bodyguard</defName>
    <label>hunter bodyguard</label>
    <combatPower>10</combatPower>
    <canBeSapper>false</canBeSapper>
    <isGoodBreacher>false</isGoodBreacher>
    <weaponTags>
      <li>FlintlockBasic</li>
	  <li>PercussionBasic</li>
	  <li>RevolverTechElite</li>
    </weaponTags>
	<apparelRequired>
	  <li>Apparel_HuntersDuster</li>
	  <li>Apparel_CommonAttire</li>
	  <li>Handwear_HunterGloves</li>
	  <li>FootWear_HunterBoots</li>
	</apparelRequired>
    <initialResistanceRange>10~16</initialResistanceRange>
  </PawnKindDef>
  
  <PawnKindDef ParentName="Hunters">
    <defName>Hunter_Basic</defName>
    <label>hunter</label>
    <combatPower>70</combatPower>
    <canBeSapper>false</canBeSapper>
    <isGoodBreacher>false</isGoodBreacher>
    <weaponTags>
      <li>FlintlockBasic</li>
    </weaponTags>
	<apparelRequired>
	  <li>Apparel_HuntersDuster</li>
	  <li>Apparel_CommonAttire</li>
	  <li>Handwear_HunterGloves</li>
	  <li>FootWear_HunterBoots</li>
	</apparelRequired>
    <initialResistanceRange>10~16</initialResistanceRange>
  </PawnKindDef>
  
  <PawnKindDef ParentName="Hunters">
    <defName>Hunter_Intermediate</defName>
    <label>intermediate hunter</label>
    <combatPower>90</combatPower>
    <canBeSapper>false</canBeSapper>
    <isGoodBreacher>false</isGoodBreacher>
    <weaponTags>
      <li>PercussionBasic</li>
    </weaponTags>
	<apparelRequired>
	  <li>Apparel_HuntersDuster</li>
	  <li>Apparel_HunterGarb</li>
	  <li>Handwear_HunterGloves</li>
	  <li>FootWear_HunterBoots</li>
	</apparelRequired>
    <initialResistanceRange>10~16</initialResistanceRange>
  </PawnKindDef>
  
  <!-- Elite and powder keg hunters -->
  
  <PawnKindDef ParentName="Hunters">
    <defName>Hunter_Elite</defName>
    <label>elite hunter</label>
    <combatPower>750</combatPower>
    <canBeSapper>false</canBeSapper>
    <isGoodBreacher>false</isGoodBreacher>
	<apparelTags>
	  <li>HunterApparelsBlack</li>
    </apparelTags>
	<apparelRequired>
	  <li>Apparel_HuntersDusterBlack</li>
	  <li>Apparel_HunterGarbBlack</li>
	  <li>Handwear_HunterGloves</li>
	  <li>FootWear_HunterBoots</li>
	</apparelRequired>
    <weaponTags>
      <li>RevolverTechElite</li>
    </weaponTags>
	<techHediffsRequired>
      <li>ScrollShadowWalker_DarkSpear</li>
    </techHediffsRequired>
    <initialResistanceRange>10~16</initialResistanceRange>
  </PawnKindDef>
  
  <PawnKindDef ParentName="Hunters">
    <defName>Hunter_PowderKeg</defName>
    <label>powder keg hunter</label>
    <combatPower>850</combatPower>
    <canBeSapper>false</canBeSapper>
    <isGoodBreacher>false</isGoodBreacher>
	<apparelRequired>
	  <li>Apparel_HunterSombrero</li>
	  <li>Apparel_PowderkegGarb</li>
	  <li>Apparel_HunterGarbBlack</li>
	  <li>Handwear_StakeDriverGloves</li>
	  <li>FootWear_HunterBoots</li>
	</apparelRequired>
	<apparelTags>
	  <li>HunterApparelsBlack</li>
    </apparelTags>
    <weaponTags>
      <li>RevolverTechElite</li>
	  <li>WeaponsBizarre</li>
    </weaponTags>
	<techHediffsRequired>
      <li>ScrollShadowWalker_DarkSpear</li>
    </techHediffsRequired>
    <initialResistanceRange>10~16</initialResistanceRange>
  </PawnKindDef>
  
  <PawnKindDef ParentName="Hunters">
    <defName>Hunter_ArmoredPowderKeg</defName>
    <label>powder keg hunter</label>
    <combatPower>1500</combatPower>
    <canBeSapper>true</canBeSapper>
    <isGoodBreacher>true</isGoodBreacher>
	<apparelRequired>
	  <li>Apparel_ArmoredPowderkegGarb</li>
	  <li>Apparel_HunterGarbBlack</li>
	  <li>Handwear_StakeDriverGloves</li>
	  <li>FootWear_HunterBoots</li>
	</apparelRequired>
	<apparelTags>
	  <li>HunterApparelsBlack</li>
    </apparelTags>
    <weaponTags>
      <li>HunterphageHeavyCannon</li>
	  <li>HunterphageHeavyGatling</li>
    </weaponTags>
	<techHediffsRequired>
      <li>ScrollShadowWalker_DarkSpear</li>
    </techHediffsRequired>
    <initialResistanceRange>10~16</initialResistanceRange>
  </PawnKindDef>
  
  <!-- Hunters Melee -->
  
  <PawnKindDef ParentName="Hunters">
    <defName>Hunter_BasicMelee</defName>
    <label>hunter slasher</label>
    <combatPower>70</combatPower>
    <canBeSapper>false</canBeSapper>
    <isGoodBreacher>false</isGoodBreacher>
    <weaponTags>
      <li>MeleeHunterphage</li>
    </weaponTags>
	<apparelRequired>
	  <li>Apparel_HuntersDuster</li>
	  <li>Apparel_CommonAttire</li>
	  <li>Handwear_HunterGloves</li>
	  <li>FootWear_HunterBoots</li>
	</apparelRequired>
    <initialResistanceRange>10~16</initialResistanceRange>
  </PawnKindDef>
  
  <PawnKindDef ParentName="Hunters">
    <defName>Hunter_IntermediateMelee</defName>
    <label>intermediate hunter marauder</label>
    <combatPower>90</combatPower>
    <canBeSapper>false</canBeSapper>
    <isGoodBreacher>false</isGoodBreacher>
    <weaponTags>
      <li>MeleeHunterphage</li>
    </weaponTags>
	<apparelRequired>
	  <li>Apparel_HuntersDuster</li>
	  <li>Apparel_HunterGarb</li>
	  <li>Handwear_HunterGloves</li>
	  <li>FootWear_HunterBoots</li>
	</apparelRequired>
    <initialResistanceRange>10~16</initialResistanceRange>
  </PawnKindDef>
  
  <PawnKindDef ParentName="Hunters">
    <defName>Hunter_EliteMelee</defName>
    <label>elite hunter bane blade</label>
    <combatPower>750</combatPower>
    <canBeSapper>false</canBeSapper>
    <isGoodBreacher>false</isGoodBreacher>
	<apparelTags>
	  <li>HunterApparelsBlack</li>
    </apparelTags>
	<apparelRequired>
	  <li>Apparel_HuntersDusterBlack</li>
	  <li>Apparel_HunterGarbBlack</li>
	  <li>Handwear_HunterGloves</li>
	  <li>FootWear_HunterBoots</li>
	</apparelRequired>
    <weaponTags>
      <li>MeleeHunterphage</li>
    </weaponTags>
	<techHediffsRequired>
      <li>ScrollShadowWalker_DarkSpear</li>
    </techHediffsRequired>
    <initialResistanceRange>10~16</initialResistanceRange>
  </PawnKindDef>
  
  <PawnKindDef ParentName="Hunters">
    <defName>Hunter_ArmoredPowderKegMelee</defName>
    <label>powder keg heavy blade</label>
    <combatPower>1500</combatPower>
    <canBeSapper>true</canBeSapper>
    <isGoodBreacher>true</isGoodBreacher>
	<apparelRequired>
	  <li>Apparel_ArmoredPowderkegGarb</li>
	  <li>Apparel_HunterGarbBlack</li>
	  <li>Handwear_StakeDriverGloves</li>
	  <li>FootWear_HunterBoots</li>
	</apparelRequired>
	<apparelTags>
	  <li>HunterApparelsBlack</li>
    </apparelTags>
    <weaponTags>
      <li>PowderkegSawBlade</li>
	  <li>PowderkegRipperSword</li>
	  <li>PowderkegRipperSaber</li>
	  <li>PowderkegPizzaCutter</li>
    </weaponTags>
	<techHediffsRequired>
      <li>ScrollShadowWalker_DarkSpear</li>
    </techHediffsRequired>
    <initialResistanceRange>10~16</initialResistanceRange>
  </PawnKindDef>
  
  <!-- Shadow Walkers -->
  
  <PawnKindDef ParentName="Hunters">
    <defName>ShadowWalker_Initiate</defName>
    <label>shadow walker initiate</label>
    <combatPower>1000</combatPower>
    <canBeSapper>false</canBeSapper>
    <isGoodBreacher>true</isGoodBreacher>
	<apparelRequired>
	  <li>Headgear_RogueHood</li>
	  <li>Apparel_ShadowWalkerCoat</li>
	  <li>Apparel_HunterGarbBlack</li>
	  <li>Handwear_ShadowGuards</li>
	  <li>FootWear_ShadowStubs</li>
	</apparelRequired>
    <weaponTags>
      <li>ShadowDagger</li>
    </weaponTags>
	<techHediffsRequired>
      <li>ScrollShadowWalker_DarkKnife</li>
    </techHediffsRequired>
    <initialResistanceRange>10~16</initialResistanceRange>
  </PawnKindDef>
  
  <PawnKindDef ParentName="Hunters">
    <defName>ShadowWalker_Veteran</defName>
    <label>shadow walker veteran</label>
    <combatPower>1200</combatPower>
    <canBeSapper>false</canBeSapper>
    <isGoodBreacher>true</isGoodBreacher>
	<apparelRequired>
	  <li>Headgear_PhantomHood</li>
	  <li>Apparel_ShadowWalkerCoat</li>
	  <li>Apparel_HunterGarbBlack</li>
	  <li>Handwear_ShadowGuards</li>
	  <li>FootWear_ShadowStubs</li>
	</apparelRequired>
    <weaponTags>
      <li>ShadowSaber</li>
    </weaponTags>
	<techHediffsRequired>
      <li>ScrollShadowWalker_DarkKnife</li>
    </techHediffsRequired>
    <initialResistanceRange>10~16</initialResistanceRange>
  </PawnKindDef>
  
  <PawnKindDef ParentName="Hunters">
    <defName>ShadowWalker_Elite</defName>
    <label>shadow crow</label>
    <combatPower>1500</combatPower>
    <canBeSapper>false</canBeSapper>
    <isGoodBreacher>true</isGoodBreacher>
	<apparelRequired>
	  <li>Headgear_CrowFeatherHood</li>
	  <li>Apparel_ShadowWalkerFeatheredCoat</li>
	  <li>Apparel_HunterGarbBlack</li>
	  <li>Handwear_ShadowGuards</li>
	  <li>FootWear_ShadowStubs</li>
	</apparelRequired>
    <weaponTags>
      <li>ShadowBane</li>
    </weaponTags>
	<techHediffsRequired>
      <li>ScrollShadowWalker_DarkKnife</li>
    </techHediffsRequired>
    <initialResistanceRange>10~16</initialResistanceRange>
  </PawnKindDef>
  
  <!-- Hunters Leader -->
  
  <PawnKindDef Abstract="True" Name="HunterAlpha" ParentName="HunterBase">
    <race>Human</race>
    <gearHealthRange>1~1</gearHealthRange>
    <initialWillRange>1~3</initialWillRange>
    <apparelTags>
      <li>HunterApparels</li>
    </apparelTags>
	<apparelRequired>
	  <li>Apparel_HuntersDusterBlack</li>
	</apparelRequired>
    <apparelMoney>10000~10000</apparelMoney>
    <apparelAllowHeadgearChance>1.0</apparelAllowHeadgearChance>
    <weaponMoney>10000~10000</weaponMoney>
    <techHediffsChance>0.05</techHediffsChance>
    <techHediffsMoney>10000~10000</techHediffsMoney>
    <techHediffsRequired>
    </techHediffsRequired>
    <disallowedTraits>
      <li>Brawler</li>
	  <li>Wimp</li>
	  <li>Pyromaniac</li>
	  <li>BodyPurist</li>
	  <li>Nudist</li>
    </disallowedTraits>
    <inventoryOptions>
      <skipChance>0.95</skipChance>
      <subOptionsChooseOne>
        <li>
          <thingDef>MedicineIndustrial</thingDef>
          <countRange>5</countRange>
        </li>
		<li>
          <thingDef>Tobacco</thingDef>
          <countRange>15</countRange>
        </li>
      </subOptionsChooseOne>
    </inventoryOptions>
	<skills>
      <li>
        <skill>Shooting</skill>
        <range>10~18</range>
      </li>
	  <li>
        <skill>Melee</skill>
        <range>10~18</range>
      </li>	  
	  <li>
        <skill>Construction</skill>
        <range>10~18</range>
      </li>	 	  		    	  
	  <li>
        <skill>Social</skill>
        <range>10~18</range>
      </li>	  	    
	  <li>
        <skill>Medicine</skill>
        <range>10~18</range>
      </li>	 
	  <li>
        <skill>Intellectual</skill>
        <range>10~18</range>
      </li>
    </skills>
  </PawnKindDef>
  
  <PawnKindDef ParentName="HunterAlpha">
    <defName>Hunter_Leader</defName>
    <label>covenant master</label>
    <combatPower>1500</combatPower>
    <canBeSapper>false</canBeSapper>
    <isGoodBreacher>false</isGoodBreacher>
	<apparelRequired>
	  <li>Apparel_HunterGarbBlack</li>
	  <li>Handwear_HunterGloves</li>
	  <li>FootWear_HunterBoots</li>
	</apparelRequired>
    <weaponTags>
	  <li>MeleeHunterphage</li>
      <li>RevolverTechElite</li>
	  <li>WeaponsBizarre</li>
    </weaponTags>
	<techHediffsRequired>
      <li>ScrollShadowWalker_CorruptChi</li>
    </techHediffsRequired>
    <initialResistanceRange>10~16</initialResistanceRange>
  </PawnKindDef>
  
  <!-- Hunter Trader -->
  
  <PawnKindDef ParentName="HunterBase" Name="ArmsDealerBase">
    <defName>Hunter_Trader</defName>
    <label>merchant</label>
    <trader>true</trader>
    <combatPower>45</combatPower>
    <isFighter>false</isFighter>
    <gearHealthRange>1~1</gearHealthRange>
    <itemQuality>Normal</itemQuality>
    <weaponTags>
	  <li>MeleeHunterphage</li>
      <li>RevolverTechElite</li>
	  <li>WeaponsBizarre</li>
    </weaponTags>
    <weaponMoney>10000~10000</weaponMoney>
    <apparelMoney>10000~10000</apparelMoney>
    <apparelRequired>
	  <li>Apparel_ArmoredPowderkegGarb</li>
	  <li>Apparel_HunterGarbBlack</li>
	  <li>Handwear_StakeDriverGloves</li>
	  <li>FootWear_HunterBoots</li>
	</apparelRequired>
    <techHediffsChance>0.15</techHediffsChance>
    <techHediffsMoney>600~1500</techHediffsMoney>
    <techHediffsRequired>
      <li>ScrollShadowWalker_CorruptChi</li>
    </techHediffsRequired>
    <initialWillRange>2~4</initialWillRange>
    <initialResistanceRange>12~20</initialResistanceRange>
	<disallowedTraits>
      <li>Brawler</li>
	  <li>Wimp</li>
	  <li>Pyromaniac</li>
	  <li>BodyPurist</li>
	  <li>Nudist</li>
    </disallowedTraits>
    <xenotypeSet>
      <!--<xenotypeChances>
        <Highmate MayRequire="Ludeon.RimWorld.Biotech">0.04</Highmate>
      </xenotypeChances>-->
    </xenotypeSet>
  </PawnKindDef>
  
  <!-- Game start pwankind -->
  
  <!-- Wanderer -->
  
  <PawnKindDef Name="HuntersStarter">
    <defName>Wanderer</defName>
    <label>wanderer</label>
    <race>Human</race>
    <combatPower>25</combatPower>
    <backstoryCryptosleepCommonality>1</backstoryCryptosleepCommonality>
    <defaultFactionType>PlayerColony</defaultFactionType>
    <chemicalAddictionChance>0</chemicalAddictionChance>
    <apparelMoney>9000~9000</apparelMoney>
	<apparelTags>
	  <li>HunterApparels</li>
	  <li>BackPacksBasic</li>
    </apparelTags>
	<apparelRequired>
	  <!--<li>Apparel_HuntersDuster</li>
	  <li>Apparel_CommonAttire</li>
	  <li>Handwear_HunterGloves</li>
	  <li>FootWear_HunterBoots</li>-->
	</apparelRequired>
    <apparelIgnorePollution MayRequire="Ludeon.RimWorld.Biotech">true</apparelIgnorePollution>
    <apparelAllowHeadgearChance>1</apparelAllowHeadgearChance>
    <weaponMoney>9000~9000</weaponMoney>
    <weaponTags>
      <li>FlintlockBasic</li>
    </weaponTags>
    <forceWeaponQuality>Normal</forceWeaponQuality>
    <techHediffsMoney>2500~2500</techHediffsMoney>
	<techHediffsRequired>
    </techHediffsRequired>
    <biocodeWeaponChance>0</biocodeWeaponChance>
    <initialWillRange>0</initialWillRange>
    <initialResistanceRange>0~1</initialResistanceRange>
    <requiredWorkTags>
      <li>Social</li>
    </requiredWorkTags>   
    <disallowedTraits>
      <li>Brawler</li>
	  <li>Wimp</li>
	  <li>Pyromaniac</li>
	  <li>BodyPurist</li>
	  <li>Nudist</li>
    </disallowedTraits>
	<inventoryOptions>
      <skipChance>0.95</skipChance>
      <subOptionsChooseOne>
        <li>
          <thingDef>MedicineIndustrial</thingDef>
          <countRange>5</countRange>
        </li>
		<li>
          <thingDef>Tobacco</thingDef>
          <countRange>15</countRange>
        </li>
		<li>
          <thingDef>MealSurvivalPack</thingDef>
          <countRange>10</countRange>
        </li>
      </subOptionsChooseOne>
    </inventoryOptions>
	<skills>	  
	  <li>
        <skill>Construction</skill>
        <range>5~10</range>
      </li>
      <li>
        <skill>Plants</skill>
        <range>5~10</range>
      </li>
      <li>
        <skill>Cooking</skill>
        <range>5~10</range>
      </li>	  
	  <li>
        <skill>Social</skill>
        <range>10~10</range>
      </li>	  
	  <li>
        <skill>Medicine</skill>
        <range>10~10</range>
      </li>	 
	  <li>
        <skill>Intellectual</skill>
        <range>5~10</range>
      </li>
    </skills>
  </PawnKindDef>

  <PawnKindDef ParentName="HuntersStarter">
    <defName>Hunterphage_Starter</defName>
    <apparelMoney>2500~2500</apparelMoney>
	<weaponMoney>9000~9000</weaponMoney>
    <apparelRequired>
	  <li>Apparel_ArmoredPowderkegGarb</li>
	  <li>Apparel_HunterGarbBlack</li>
	  <li>Handwear_StakeDriverGloves</li>
	  <li>FootWear_HunterBoots</li>
	</apparelRequired>
	<apparelTags>
	  <li>HunterApparelsBlack</li>
    </apparelTags>
    <weaponTags>
      <li>WeaponsBizarre</li>
    </weaponTags>
	<techHediffsRequired>
      <li>ScrollShadowWalker_DarkSpear</li>
    </techHediffsRequired>
    <forcedTraits Inherit="False" />
    <defaultFactionType Inherit="False" />
  </PawnKindDef>
  
  <PawnKindDef ParentName="HuntersStarter">
    <defName>Companions_Starter</defName>
    <apparelMoney>2500~2500</apparelMoney>
	<weaponMoney>9000~9000</weaponMoney>
    <forcedTraits Inherit="False" />
    <defaultFactionType Inherit="False" />
  </PawnKindDef>

</Defs>