<?xml version="1.0" encoding="utf-8"?>
<Patch>
  <!---->
  <Operation Class="PatchOperationReplace">
    <xpath>/Defs/StatDef[defName = "MeleeDodgeChance"]/postProcessCurve/points</xpath>
    <value>
      <points>
        <li>(2, 0)</li>
        <li>(7, 0.20)</li>
        <li>(18, 0.60)</li>
      </points>
    </value>
  </Operation>
  <!--<Operation Class="PatchOperationReplace">
    <xpath>/Defs/StatDef[defName = "MeleeHitChance"]/postProcessCurve/points</xpath>
    <value>
      <points>
        <li>(2, 0)</li>
        <li>(7, 0.20)</li>
        <li>(18, 1.00)</li>
      </points>
    </value>
  </Operation>-->
  <Operation Class="PatchOperationAdd">
    <xpath>/Defs/StatDef[defName = "MeleeDodgeChance"]/capacityOffsets</xpath>
    <value>
      <li>
        <capacity>Consciousness</capacity>
        <scale>3</scale>
        <max>1.7</max>
      </li>
    </value>
  </Operation>
  <!--<Operation Class="PatchOperationAdd">
    <xpath>/Defs/StatDef[defName = "MeleeHitChance"]/capacityOffsets</xpath>
    <value>
      <li>
        <capacity>Moving</capacity>
        <scale>3</scale>
        <max>1.7</max>
      </li>
    </value>
  </Operation>-->
</Patch>