<?xml version="1.0" encoding="utf-8" ?>
<Defs>

  <!--<StatDef>
    <defName>MeleeGod_MeleeParryChance</defName>
    <label>melee parry chance</label>
    <description>Chance to parry a melee attack that would've otherwise hit.\n\nCharacters will not parry while aiming or firing a ranged weapon.</description>
    <category>PawnCombat</category>
	<workerClass>DarkEssence.StatWorker_Hunterphage</workerClass>
    <neverDisabled>true</neverDisabled>
    <defaultBaseValue>0</defaultBaseValue>
    <minValue>0</minValue>
	<showOnAnimals>false</showOnAnimals>
    <showOnHumanlikes>true</showOnHumanlikes>
    <showOnMechanoids>false</showOnMechanoids>
	<showIfUndefined>true</showIfUndefined>
    <toStringStyle>PercentZero</toStringStyle>
    <toStringStyleUnfinalized>FloatOne</toStringStyleUnfinalized>
	<displayPriorityInCategory>99</displayPriorityInCategory>
    <noSkillOffset>4</noSkillOffset>
    <skillNeedOffsets>
      <li Class="SkillNeed_BaseBonus">
        <skill>Melee</skill>
        <baseValue>0</baseValue>
        <bonusPerLevel>1</bonusPerLevel>
      </li>
    </skillNeedOffsets>
    <capacityOffsets>
      <li>
        <capacity>Moving</capacity>
        <scale>18</scale>
      </li>
      <li>
        <capacity>Sight</capacity>
        <scale>8</scale>
        <max>1.4</max>
      </li>
    </capacityOffsets>
    <postProcessCurve>
      <points>
        <li>(-20, 0.05)</li>
        <li>(-10, 0.10)</li>
        <li>(0.0, 0.50)</li>
        <li>(10, 0.80)</li>
        <li>(20, 0.90)</li>
        <li>(40, 0.96)</li>
        <li>(60, 0.98)</li>
      </points>
    </postProcessCurve>
    <showDevelopmentalStageFilter>Child, Adult</showDevelopmentalStageFilter>
  </StatDef>-->

</Defs>